{"2020-03-01": {"Bruxelles": "<5"}, "2020-03-04": {"Bruxelles": "<5", "Evere": "<5", "Woluwe-Saint-Lambert": "<5"}, "2020-03-06": {"Bruxelles": "<5", "Woluwe-Saint-Lambert": "<5"}, "2020-03-08": {"Bruxelles": "<5"}, "2020-03-09": {"Bruxelles": "<5", "Schaerbeek": "<5"}, "2020-03-10": {"Bruxelles": "<5", "Schaerbeek": "<5", "Woluwe-Saint-Lambert": "<5"}, "2020-03-11": {"Bruxelles": "<5", "Etterbeek": "<5", "Schaerbeek": "<5"}, "2020-03-12": {"Bruxelles": "<5", "Etterbeek": "<5", "Evere": "<5"}, "2020-03-13": {"Bruxelles": "<5", "Etterbeek": "<5", "Evere": "<5", "Schaerbeek": "<5", "Woluwe-Saint-Lambert": "<5"}, "2020-03-14": {"Bruxelles": "<5", "Etterbeek": "<5", "Evere": "<5", "Woluwe-Saint-Lambert": "<5"}, "2020-03-15": {"Bruxelles": "<5", "Etterbeek": "<5", "Schaerbeek": "<5", "Woluwe-Saint-Lambert": "<5"}, "2020-03-16": {"Bruxelles": "6", "Etterbeek": "<5", "Evere": "<5", "Schaerbeek": "6", "Woluwe-Saint-Lambert": "6"}, "2020-03-17": {"Bruxelles": "6", "Etterbeek": "<5", "Evere": "<5", "Schaerbeek": "<5", "Woluwe-Saint-Lambert": "<5"}, "2020-03-18": {"Bruxelles": "9", "Evere": "<5", "Schaerbeek": "5"}, "2020-03-19": {"Bruxelles": "7", "Evere": "5", "Schaerbeek": "5", "Woluwe-Saint-Lambert": "5"}, "2020-03-20": {"Bruxelles": "<5", "Etterbeek": "<5", "Evere": "<5", "Schaerbeek": "11", "Woluwe-Saint-Lambert": "<5"}, "2020-03-21": {"Bruxelles": "9", "Etterbeek": "<5", "Evere": "<5", "Schaerbeek": "<5", "Woluwe-Saint-Lambert": "<5"}, "2020-03-22": {"Bruxelles": "7", "Evere": "<5", "Schaerbeek": "9", "Woluwe-Saint-Lambert": "<5"}, "2020-03-23": {"Bruxelles": "23", "Etterbeek": "6", "Evere": "8", "Schaerbeek": "7", "Woluwe-Saint-Lambert": "9"}, "2020-03-24": {"Bruxelles": "23", "Etterbeek": "<5", "Evere": "<5", "Schaerbeek": "9", "Woluwe-Saint-Lambert": "8"}, "2020-03-25": {"Bruxelles": "14", "Etterbeek": "5", "Evere": "<5", "Schaerbeek": "16", "Woluwe-Saint-Lambert": "7"}, "2020-03-26": {"Bruxelles": "11", "Etterbeek": "8", "Evere": "9", "Schaerbeek": "19", "Woluwe-Saint-Lambert": "<5"}, "2020-03-27": {"Bruxelles": "13", "Etterbeek": "11", "Evere": "<5", "Schaerbeek": "18", "Woluwe-Saint-Lambert": "13"}, "2020-03-28": {"Bruxelles": "21", "Etterbeek": "5", "Evere": "9", "Schaerbeek": "18", "Woluwe-Saint-Lambert": "12"}, "2020-03-29": {"Bruxelles": "11", "Etterbeek": "10", "Evere": "8", "Schaerbeek": "8", "Woluwe-Saint-Lambert": "<5"}, "2020-03-30": {"Bruxelles": "19", "Etterbeek": "<5", "Evere": "6", "Schaerbeek": "8", "Woluwe-Saint-Lambert": "<5"}, "2020-03-31": {"Bruxelles": "27", "Etterbeek": "<5", "Evere": "<5", "Schaerbeek": "14", "Woluwe-Saint-Lambert": "<5"}, "2020-04-01": {"Bruxelles": "19", "Etterbeek": "<5", "Evere": "5", "Schaerbeek": "15", "Woluwe-Saint-Lambert": "<5"}, "2020-04-02": {"Bruxelles": "28", "Etterbeek": "6", "Evere": "6", "Schaerbeek": "12", "Woluwe-Saint-Lambert": "6"}, "2020-04-03": {"Bruxelles": "35", "Evere": "5", "Schaerbeek": "12", "Woluwe-Saint-Lambert": "13"}, "2020-04-04": {"Bruxelles": "13", "Etterbeek": "<5", "Evere": "<5", "Schaerbeek": "9", "Woluwe-Saint-Lambert": "8"}, "2020-04-05": {"Bruxelles": "8", "Etterbeek": "<5", "Evere": "<5", "Schaerbeek": "9", "Woluwe-Saint-Lambert": "<5"}, "2020-04-06": {"Bruxelles": "27", "Etterbeek": "8", "Evere": "<5", "Schaerbeek": "13", "Woluwe-Saint-Lambert": "8"}, "2020-04-07": {"Bruxelles": "22", "Etterbeek": "<5", "Evere": "<5", "Schaerbeek": "20", "Woluwe-Saint-Lambert": "7"}, "2020-04-08": {"Bruxelles": "26", "Etterbeek": "5", "Evere": "5", "Schaerbeek": "15", "Woluwe-Saint-Lambert": "<5"}, "2020-04-09": {"Bruxelles": "33", "Etterbeek": "5", "Evere": "<5", "Schaerbeek": "5", "Woluwe-Saint-Lambert": "<5"}, "2020-04-10": {"Bruxelles": "22", "Etterbeek": "<5", "Evere": "<5", "Schaerbeek": "11", "Woluwe-Saint-Lambert": "<5"}, "2020-04-11": {"Bruxelles": "8", "Schaerbeek": "<5", "Woluwe-Saint-Lambert": "<5"}, "2020-04-12": {"Bruxelles": "12", "Etterbeek": "<5", "Evere": "<5", "Schaerbeek": "<5"}, "2020-04-13": {"Bruxelles": "15", "Etterbeek": "<5", "Evere": "5", "Schaerbeek": "5", "Woluwe-Saint-Lambert": "<5"}, "2020-04-14": {"Bruxelles": "19", "Etterbeek": "<5", "Evere": "18", "Schaerbeek": "5", "Woluwe-Saint-Lambert": "<5"}, "2020-04-15": {"Bruxelles": "15", "Evere": "<5", "Schaerbeek": "14", "Woluwe-Saint-Lambert": "8"}, "2020-04-16": {"Bruxelles": "38", "Etterbeek": "<5", "Evere": "10", "Schaerbeek": "9", "Woluwe-Saint-Lambert": "29"}, "2020-04-17": {"Bruxelles": "17", "Etterbeek": "<5", "Evere": "18", "Schaerbeek": "21", "Woluwe-Saint-Lambert": "6"}, "2020-04-18": {"Bruxelles": "7", "Etterbeek": "<5", "Evere": "<5", "Schaerbeek": "6", "Woluwe-Saint-Lambert": "<5"}, "2020-04-19": {"Bruxelles": "15", "Etterbeek": "<5", "Schaerbeek": "<5", "Woluwe-Saint-Lambert": "<5"}, "2020-04-20": {"Bruxelles": "18", "Etterbeek": "<5", "Evere": "<5", "Schaerbeek": "7", "Woluwe-Saint-Lambert": "15"}, "2020-04-21": {"Bruxelles": "9", "Etterbeek": "6", "Evere": "<5", "Schaerbeek": "<5", "Woluwe-Saint-Lambert": "<5"}, "2020-04-22": {"Bruxelles": "9", "Etterbeek": "<5", "Evere": "<5", "Schaerbeek": "10"}, "2020-04-23": {"Bruxelles": "19", "Etterbeek": "<5", "Evere": "<5", "Schaerbeek": "<5", "Woluwe-Saint-Lambert": "<5"}, "2020-04-24": {"Bruxelles": "26", "Etterbeek": "21", "Evere": "<5", "Schaerbeek": "9"}, "2020-04-25": {"Bruxelles": "<5", "Etterbeek": "<5", "Schaerbeek": "<5", "Woluwe-Saint-Lambert": "<5"}, "2020-04-26": {"Bruxelles": "<5", "Schaerbeek": "<5"}, "2020-04-27": {"Bruxelles": "20", "Etterbeek": "<5", "Evere": "<5", "Schaerbeek": "8", "Woluwe-Saint-Lambert": "<5"}, "2020-04-28": {"Bruxelles": "<5", "Etterbeek": "<5", "Evere": "<5", "Schaerbeek": "5", "Woluwe-Saint-Lambert": "<5"}, "2020-04-29": {"Bruxelles": "5", "Etterbeek": "<5", "Schaerbeek": "5"}, "2020-04-30": {"Bruxelles": "14", "Evere": "<5", "Schaerbeek": "<5", "Woluwe-Saint-Lambert": "<5"}, "2020-05-01": {"Bruxelles": "<5", "Schaerbeek": "<5"}, "2020-05-02": {"Bruxelles": "<5", "Schaerbeek": "<5", "Woluwe-Saint-Lambert": "<5"}, "2020-05-03": {"Bruxelles": "<5", "Etterbeek": "<5", "Evere": "<5"}, "2020-05-04": {"Bruxelles": "11", "Etterbeek": "<5", "Evere": "10", "Schaerbeek": "8", "Woluwe-Saint-Lambert": "<5"}, "2020-05-05": {"Bruxelles": "17", "Etterbeek": "<5", "Evere": "<5", "Schaerbeek": "6", "Woluwe-Saint-Lambert": "<5"}, "2020-05-06": {"Bruxelles": "11", "Evere": "<5", "Schaerbeek": "5", "Woluwe-Saint-Lambert": "<5"}, "2020-05-07": {"Bruxelles": "5", "Etterbeek": "<5", "Schaerbeek": "<5", "Woluwe-Saint-Lambert": "<5"}, "2020-05-08": {"Bruxelles": "5", "Evere": "<5", "Schaerbeek": "<5"}, "2020-05-09": {"Bruxelles": "<5", "Evere": "<5", "Schaerbeek": "<5", "Woluwe-Saint-Lambert": "<5"}, "2020-05-10": {"Bruxelles": "<5"}, "2020-05-11": {"Bruxelles": "6", "Evere": "<5", "Schaerbeek": "<5", "Woluwe-Saint-Lambert": "<5"}, "2020-05-12": {"Bruxelles": "5", "Evere": "<5", "Schaerbeek": "<5"}, "2020-05-13": {"Bruxelles": "6", "Etterbeek": "<5", "Schaerbeek": "<5", "Woluwe-Saint-Lambert": "<5"}, "2020-05-14": {"Bruxelles": "<5", "Evere": "<5", "Schaerbeek": "8", "Woluwe-Saint-Lambert": "<5"}, "2020-05-15": {"Bruxelles": "<5", "Schaerbeek": "<5"}, "2020-05-16": {"Bruxelles": "<5", "Etterbeek": "<5", "Evere": "<5", "Schaerbeek": "<5"}, "2020-05-17": {"Bruxelles": "<5", "Schaerbeek": "<5"}, "2020-05-18": {"Bruxelles": "<5", "Etterbeek": "<5", "Evere": "<5", "Schaerbeek": "<5", "Woluwe-Saint-Lambert": "<5"}, "2020-05-20": {"Bruxelles": "5", "Etterbeek": "<5", "Evere": "<5", "Schaerbeek": "<5"}, "2020-05-22": {"Bruxelles": "<5", "Etterbeek": "<5", "Evere": "<5", "Schaerbeek": "<5"}, "2020-05-23": {"Bruxelles": "<5", "Etterbeek": "<5", "Schaerbeek": "<5"}, "2020-05-25": {"Bruxelles": "6", "Etterbeek": "<5", "Evere": "<5", "Schaerbeek": "<5", "Woluwe-Saint-Lambert": "<5"}, "2020-05-26": {"Bruxelles": "<5", "Etterbeek": "<5", "Schaerbeek": "<5"}, "2020-05-27": {"Bruxelles": "<5", "Evere": "<5", "Schaerbeek": "<5", "Woluwe-Saint-Lambert": "<5"}, "2020-05-28": {"Bruxelles": "<5", "Schaerbeek": "<5"}, "2020-05-29": {"Bruxelles": "<5", "Evere": "<5", "Schaerbeek": "<5", "Woluwe-Saint-Lambert": "<5"}, "2020-05-30": {"Bruxelles": "<5", "Schaerbeek": "<5", "Woluwe-Saint-Lambert": "<5"}, "2020-06-01": {"Bruxelles": "<5", "Schaerbeek": "<5", "Woluwe-Saint-Lambert": "<5"}, "2020-06-02": {"Bruxelles": "<5", "Etterbeek": "<5", "Evere": "<5", "Schaerbeek": "<5"}, "2020-06-03": {"Bruxelles": "<5", "Evere": "<5", "Schaerbeek": "9", "Woluwe-Saint-Lambert": "<5"}, "2020-06-04": {"Bruxelles": "5", "Etterbeek": "<5", "Evere": "<5", "Schaerbeek": "<5"}, "2020-06-05": {"Bruxelles": "<5", "Evere": "<5", "Schaerbeek": "<5"}, "2020-06-06": {"Bruxelles": "<5", "Woluwe-Saint-Lambert": "<5"}, "2020-06-07": {"Bruxelles": "<5", "Schaerbeek": "<5"}, "2020-06-08": {"Bruxelles": "<5", "Etterbeek": "<5", "Schaerbeek": "<5"}, "2020-06-09": {"Bruxelles": "<5", "Evere": "<5", "Schaerbeek": "<5", "Woluwe-Saint-Lambert": "<5"}, "2020-06-10": {"Bruxelles": "<5", "Etterbeek": "<5", "Evere": "<5", "Schaerbeek": "<5", "Woluwe-Saint-Lambert": "<5"}, "2020-06-11": {"Bruxelles": "<5", "Evere": "<5", "Schaerbeek": "<5", "Woluwe-Saint-Lambert": "<5"}, "2020-06-12": {"Bruxelles": "5", "Schaerbeek": "<5", "Woluwe-Saint-Lambert": "<5"}, "2020-06-14": {"Bruxelles": "<5"}, "2020-06-15": {"Bruxelles": "<5", "Evere": "<5", "Schaerbeek": "<5"}, "2020-06-16": {"Bruxelles": "<5"}, "2020-06-17": {"Bruxelles": "<5", "Woluwe-Saint-Lambert": "<5"}, "2020-06-18": {"Bruxelles": "<5", "Etterbeek": "<5", "Schaerbeek": "<5", "Woluwe-Saint-Lambert": "<5"}, "2020-06-19": {"Bruxelles": "7", "Etterbeek": "<5", "Schaerbeek": "<5"}, "2020-06-22": {"Bruxelles": "<5", "Etterbeek": "<5", "Evere": "<5", "Schaerbeek": "<5"}, "2020-06-23": {"Bruxelles": "<5", "Etterbeek": "<5", "Schaerbeek": "<5"}, "2020-06-24": {"Bruxelles": "<5", "Schaerbeek": "<5"}, "2020-06-26": {"Bruxelles": "7", "Evere": "<5", "Schaerbeek": "<5"}, "2020-06-27": {"Bruxelles": "<5", "Etterbeek": "<5", "Evere": "<5", "Schaerbeek": "<5"}, "2020-06-29": {"Bruxelles": "<5", "Evere": "<5", "Schaerbeek": "6", "Woluwe-Saint-Lambert": "<5"}, "2020-06-30": {"Bruxelles": "7", "Etterbeek": "<5", "Schaerbeek": "<5"}, "2020-07-01": {"Bruxelles": "5", "Etterbeek": "<5", "Evere": "<5", "Schaerbeek": "<5", "Woluwe-Saint-Lambert": "<5"}, "2020-07-02": {"Bruxelles": "6", "Etterbeek": "<5", "Evere": "<5", "Schaerbeek": "<5"}, "2020-07-04": {"Bruxelles": "<5", "Evere": "<5"}, "2020-07-05": {"Bruxelles": "<5"}, "2020-07-06": {"Bruxelles": "<5", "Etterbeek": "<5", "Evere": "<5", "Schaerbeek": "<5"}, "2020-07-07": {"Bruxelles": "<5", "Schaerbeek": "<5"}, "2020-07-08": {"Bruxelles": "<5", "Schaerbeek": "<5"}, "2020-07-09": {"Bruxelles": "<5", "Evere": "7", "Schaerbeek": "6", "Woluwe-Saint-Lambert": "<5"}, "2020-07-10": {"Bruxelles": "<5", "Etterbeek": "<5", "Evere": "<5", "Schaerbeek": "7"}, "2020-07-11": {"Bruxelles": "<5"}, "2020-07-12": {"Bruxelles": "<5"}, "2020-07-13": {"Bruxelles": "<5", "Schaerbeek": "<5", "Woluwe-Saint-Lambert": "<5"}, "2020-07-14": {"Bruxelles": "<5", "Evere": "<5", "Schaerbeek": "5", "Woluwe-Saint-Lambert": "<5"}, "2020-07-15": {"Bruxelles": "<5", "Etterbeek": "<5", "Evere": "<5", "Schaerbeek": "<5", "Woluwe-Saint-Lambert": "<5"}, "2020-07-16": {"Bruxelles": "<5", "Etterbeek": "<5", "Evere": "<5", "Schaerbeek": "7"}, "2020-07-17": {"Bruxelles": "6", "Evere": "<5", "Woluwe-Saint-Lambert": "<5"}, "2020-07-18": {"Bruxelles": "<5", "Etterbeek": "<5", "Schaerbeek": "<5"}, "2020-07-20": {"Bruxelles": "7", "Etterbeek": "<5", "Evere": "<5", "Schaerbeek": "<5"}, "2020-07-21": {"Bruxelles": "<5", "Evere": "<5", "Schaerbeek": "<5"}, "2020-07-22": {"Bruxelles": "9", "Etterbeek": "<5", "Schaerbeek": "<5", "Woluwe-Saint-Lambert": "<5"}, "2020-07-23": {"Bruxelles": "6", "Etterbeek": "5", "Evere": "<5", "Schaerbeek": "<5", "Woluwe-Saint-Lambert": "<5"}, "2020-07-24": {"Bruxelles": "<5", "Evere": "<5", "Schaerbeek": "<5", "Woluwe-Saint-Lambert": "<5"}, "2020-07-25": {"Bruxelles": "<5", "Schaerbeek": "<5", "Woluwe-Saint-Lambert": "<5"}, "2020-07-26": {"Bruxelles": "<5"}, "2020-07-27": {"Bruxelles": "10", "Etterbeek": "<5", "Evere": "<5", "Schaerbeek": "7", "Woluwe-Saint-Lambert": "<5"}, "2020-07-28": {"Bruxelles": "13", "Etterbeek": "<5", "Evere": "<5", "Schaerbeek": "12", "Woluwe-Saint-Lambert": "<5"}, "2020-07-29": {"Bruxelles": "16", "Etterbeek": "<5", "Evere": "<5", "Schaerbeek": "7", "Woluwe-Saint-Lambert": "<5"}, "2020-07-30": {"Bruxelles": "9", "Evere": "<5", "Schaerbeek": "13", "Woluwe-Saint-Lambert": "<5"}, "2020-07-31": {"Bruxelles": "14", "Etterbeek": "<5", "Evere": "<5", "Schaerbeek": "12", "Woluwe-Saint-Lambert": "<5"}, "2020-08-01": {"Bruxelles": "<5", "Etterbeek": "<5", "Schaerbeek": "<5", "Woluwe-Saint-Lambert": "<5"}, "2020-08-02": {"Bruxelles": "5", "Etterbeek": "<5", "Evere": "<5", "Woluwe-Saint-Lambert": "<5"}, "2020-08-03": {"Bruxelles": "17", "Etterbeek": "<5", "Evere": "<5", "Schaerbeek": "15", "Woluwe-Saint-Lambert": "<5"}, "2020-08-04": {"Bruxelles": "17", "Etterbeek": "<5", "Evere": "<5", "Schaerbeek": "19", "Woluwe-Saint-Lambert": "<5"}, "2020-08-05": {"Bruxelles": "36", "Etterbeek": "5", "Evere": "<5", "Schaerbeek": "15", "Woluwe-Saint-Lambert": "<5"}, "2020-08-06": {"Bruxelles": "17", "Etterbeek": "<5", "Evere": "<5", "Schaerbeek": "13", "Woluwe-Saint-Lambert": "<5"}, "2020-08-07": {"Bruxelles": "22", "Etterbeek": "5", "Evere": "7", "Schaerbeek": "18", "Woluwe-Saint-Lambert": "<5"}, "2020-08-08": {"Bruxelles": "8", "Etterbeek": "<5", "Evere": "<5", "Schaerbeek": "7", "Woluwe-Saint-Lambert": "<5"}, "2020-08-09": {"Bruxelles": "8", "Etterbeek": "<5", "Schaerbeek": "<5", "Woluwe-Saint-Lambert": "<5"}, "2020-08-10": {"Bruxelles": "42", "Etterbeek": "<5", "Evere": "<5", "Schaerbeek": "22", "Woluwe-Saint-Lambert": "5"}, "2020-08-11": {"Bruxelles": "33", "Etterbeek": "<5", "Evere": "6", "Schaerbeek": "20", "Woluwe-Saint-Lambert": "5"}, "2020-08-12": {"Bruxelles": "30", "Etterbeek": "<5", "Evere": "9", "Schaerbeek": "20", "Woluwe-Saint-Lambert": "5"}, "2020-08-13": {"Bruxelles": "32", "Etterbeek": "<5", "Evere": "5", "Schaerbeek": "24", "Woluwe-Saint-Lambert": "7"}, "2020-08-14": {"Bruxelles": "20", "Etterbeek": "6", "Evere": "6", "Schaerbeek": "24", "Woluwe-Saint-Lambert": "<5"}, "2020-08-15": {"Bruxelles": "<5", "Etterbeek": "<5", "Evere": "<5", "Schaerbeek": "<5", "Woluwe-Saint-Lambert": "<5"}, "2020-08-16": {"Bruxelles": "5", "Etterbeek": "<5", "Schaerbeek": "<5"}, "2020-08-17": {"Bruxelles": "36", "Etterbeek": "7", "Evere": "5", "Schaerbeek": "22", "Woluwe-Saint-Lambert": "<5"}, "2020-08-18": {"Bruxelles": "46", "Etterbeek": "5", "Evere": "<5", "Schaerbeek": "30", "Woluwe-Saint-Lambert": "7"}, "2020-08-19": {"Bruxelles": "40", "Etterbeek": "7", "Evere": "6", "Schaerbeek": "25", "Woluwe-Saint-Lambert": "<5"}, "2020-08-20": {"Bruxelles": "24", "Etterbeek": "<5", "Evere": "<5", "Schaerbeek": "28", "Woluwe-Saint-Lambert": "<5"}, "2020-08-21": {"Bruxelles": "24", "Evere": "<5", "Schaerbeek": "14", "Woluwe-Saint-Lambert": "5"}, "2020-08-22": {"Bruxelles": "5", "Etterbeek": "<5", "Evere": "<5", "Schaerbeek": "5"}, "2020-08-23": {"Bruxelles": "<5", "Schaerbeek": "<5"}, "2020-08-24": {"Bruxelles": "24", "Etterbeek": "<5", "Evere": "<5", "Schaerbeek": "20", "Woluwe-Saint-Lambert": "<5"}, "2020-08-25": {"Bruxelles": "23", "Etterbeek": "<5", "Evere": "5", "Schaerbeek": "28", "Woluwe-Saint-Lambert": "5"}, "2020-08-26": {"Bruxelles": "25", "Etterbeek": "6", "Evere": "5", "Schaerbeek": "18", "Woluwe-Saint-Lambert": "<5"}, "2020-08-27": {"Bruxelles": "23", "Etterbeek": "<5", "Evere": "<5", "Schaerbeek": "21", "Woluwe-Saint-Lambert": "5"}, "2020-08-28": {"Bruxelles": "21", "Etterbeek": "<5", "Evere": "10", "Schaerbeek": "20", "Woluwe-Saint-Lambert": "10"}, "2020-08-29": {"Bruxelles": "5", "Etterbeek": "5", "Evere": "<5", "Schaerbeek": "5", "Woluwe-Saint-Lambert": "<5"}, "2020-08-30": {"Bruxelles": "<5", "Schaerbeek": "7", "Woluwe-Saint-Lambert": "<5"}, "2020-08-31": {"Bruxelles": "27", "Etterbeek": "5", "Evere": "5", "Schaerbeek": "9", "Woluwe-Saint-Lambert": "6"}, "2020-09-01": {"Bruxelles": "25", "Etterbeek": "9", "Evere": "9", "Schaerbeek": "17", "Woluwe-Saint-Lambert": "7"}, "2020-09-02": {"Bruxelles": "24", "Etterbeek": "<5", "Evere": "<5", "Schaerbeek": "20", "Woluwe-Saint-Lambert": "5"}, "2020-09-03": {"Bruxelles": "29", "Etterbeek": "8", "Evere": "12", "Schaerbeek": "19", "Woluwe-Saint-Lambert": "6"}, "2020-09-04": {"Bruxelles": "33", "Etterbeek": "<5", "Evere": "7", "Schaerbeek": "26", "Woluwe-Saint-Lambert": "5"}, "2020-09-05": {"Bruxelles": "20", "Etterbeek": "<5", "Evere": "8", "Schaerbeek": "5"}, "2020-09-06": {"Bruxelles": "6", "Evere": "<5", "Schaerbeek": "<5", "Woluwe-Saint-Lambert": "<5"}, "2020-09-07": {"Bruxelles": "38", "Etterbeek": "10", "Evere": "5", "Schaerbeek": "26", "Woluwe-Saint-Lambert": "6"}, "2020-09-08": {"Bruxelles": "25", "Etterbeek": "8", "Evere": "9", "Schaerbeek": "18", "Woluwe-Saint-Lambert": "9"}, "2020-09-09": {"Bruxelles": "51", "Etterbeek": "<5", "Evere": "12", "Schaerbeek": "20", "Woluwe-Saint-Lambert": "5"}, "2020-09-10": {"Bruxelles": "31", "Etterbeek": "5", "Evere": "5", "Schaerbeek": "39", "Woluwe-Saint-Lambert": "<5"}, "2020-09-11": {"Bruxelles": "46", "Etterbeek": "14", "Evere": "14", "Schaerbeek": "21", "Woluwe-Saint-Lambert": "12"}, "2020-09-12": {"Bruxelles": "17", "Etterbeek": "<5", "Evere": "<5", "Schaerbeek": "16", "Woluwe-Saint-Lambert": "<5"}, "2020-09-13": {"Bruxelles": "7", "Etterbeek": "<5", "Evere": "<5", "Schaerbeek": "<5", "Woluwe-Saint-Lambert": "<5"}, "2020-09-14": {"Bruxelles": "51", "Etterbeek": "9", "Evere": "22", "Schaerbeek": "43", "Woluwe-Saint-Lambert": "9"}, "2020-09-15": {"Bruxelles": "47", "Etterbeek": "11", "Evere": "14", "Schaerbeek": "48", "Woluwe-Saint-Lambert": "16"}, "2020-09-16": {"Bruxelles": "60", "Etterbeek": "11", "Evere": "16", "Schaerbeek": "56", "Woluwe-Saint-Lambert": "28"}, "2020-09-17": {"Bruxelles": "66", "Etterbeek": "10", "Evere": "20", "Schaerbeek": "61", "Woluwe-Saint-Lambert": "9"}, "2020-09-18": {"Bruxelles": "65", "Etterbeek": "11", "Evere": "15", "Schaerbeek": "37", "Woluwe-Saint-Lambert": "12"}, "2020-09-19": {"Bruxelles": "13", "Etterbeek": "6", "Evere": "5", "Schaerbeek": "11", "Woluwe-Saint-Lambert": "<5"}, "2020-09-20": {"Bruxelles": "15", "Etterbeek": "<5", "Evere": "<5", "Schaerbeek": "6", "Woluwe-Saint-Lambert": "<5"}, "2020-09-21": {"Bruxelles": "76", "Etterbeek": "10", "Evere": "15", "Schaerbeek": "57", "Woluwe-Saint-Lambert": "14"}, "2020-09-22": {"Bruxelles": "59", "Etterbeek": "9", "Evere": "9", "Schaerbeek": "54", "Woluwe-Saint-Lambert": "15"}, "2020-09-23": {"Bruxelles": "95", "Etterbeek": "17", "Evere": "16", "Schaerbeek": "54", "Woluwe-Saint-Lambert": "12"}, "2020-09-24": {"Bruxelles": "57", "Etterbeek": "15", "Evere": "10", "Schaerbeek": "35", "Woluwe-Saint-Lambert": "18"}, "2020-09-25": {"Bruxelles": "65", "Etterbeek": "9", "Evere": "10", "Schaerbeek": "30", "Woluwe-Saint-Lambert": "10"}, "2020-09-26": {"Bruxelles": "44", "Etterbeek": "7", "Evere": "7", "Schaerbeek": "23", "Woluwe-Saint-Lambert": "5"}, "2020-09-27": {"Bruxelles": "17", "Evere": "<5", "Schaerbeek": "12", "Woluwe-Saint-Lambert": "5"}, "2020-09-28": {"Bruxelles": "96", "Etterbeek": "13", "Evere": "21", "Schaerbeek": "85", "Woluwe-Saint-Lambert": "27"}, "2020-09-29": {"Bruxelles": "124", "Etterbeek": "28", "Evere": "15", "Schaerbeek": "82", "Woluwe-Saint-Lambert": "27"}, "2020-09-30": {"Bruxelles": "103", "Etterbeek": "24", "Evere": "15", "Schaerbeek": "91", "Woluwe-Saint-Lambert": "36"}, "2020-10-01": {"Bruxelles": "142", "Etterbeek": "17", "Evere": "34", "Schaerbeek": "79", "Woluwe-Saint-Lambert": "26"}, "2020-10-02": {"Bruxelles": "110", "Etterbeek": "35", "Evere": "37", "Schaerbeek": "102", "Woluwe-Saint-Lambert": "19"}, "2020-10-03": {"Bruxelles": "46", "Etterbeek": "9", "Evere": "13", "Schaerbeek": "36", "Woluwe-Saint-Lambert": "12"}, "2020-10-04": {"Bruxelles": "19", "Etterbeek": "<5", "Evere": "5", "Schaerbeek": "21", "Woluwe-Saint-Lambert": "5"}, "2020-10-05": {"Bruxelles": "148", "Etterbeek": "34", "Evere": "36", "Schaerbeek": "127", "Woluwe-Saint-Lambert": "45"}, "2020-10-06": {"Bruxelles": "168", "Etterbeek": "43", "Evere": "49", "Schaerbeek": "109", "Woluwe-Saint-Lambert": "44"}, "2020-10-07": {"Bruxelles": "198", "Etterbeek": "38", "Evere": "53", "Schaerbeek": "172", "Woluwe-Saint-Lambert": "68"}, "2020-10-08": {"Bruxelles": "209", "Etterbeek": "28", "Evere": "51", "Schaerbeek": "145", "Woluwe-Saint-Lambert": "42"}, "2020-10-09": {"Bruxelles": "206", "Etterbeek": "38", "Evere": "59", "Schaerbeek": "177", "Woluwe-Saint-Lambert": "30"}, "2020-10-10": {"Bruxelles": "70", "Etterbeek": "22", "Evere": "22", "Schaerbeek": "55", "Woluwe-Saint-Lambert": "20"}, "2020-10-11": {"Bruxelles": "35", "Etterbeek": "18", "Evere": "11", "Schaerbeek": "23", "Woluwe-Saint-Lambert": "14"}, "2020-10-12": {"Bruxelles": "215", "Etterbeek": "53", "Evere": "65", "Schaerbeek": "146", "Woluwe-Saint-Lambert": "68"}, "2020-10-13": {"Bruxelles": "335", "Etterbeek": "61", "Evere": "109", "Schaerbeek": "272", "Woluwe-Saint-Lambert": "76"}, "2020-10-14": {"Bruxelles": "293", "Etterbeek": "76", "Evere": "68", "Schaerbeek": "230", "Woluwe-Saint-Lambert": "66"}, "2020-10-15": {"Bruxelles": "300", "Etterbeek": "66", "Evere": "83", "Schaerbeek": "228", "Woluwe-Saint-Lambert": "55"}, "2020-10-16": {"Bruxelles": "382", "Etterbeek": "84", "Evere": "86", "Schaerbeek": "300", "Woluwe-Saint-Lambert": "84"}, "2020-10-17": {"Bruxelles": "141", "Etterbeek": "36", "Evere": "29", "Schaerbeek": "83", "Woluwe-Saint-Lambert": "49"}, "2020-10-18": {"Bruxelles": "35", "Etterbeek": "14", "Evere": "5", "Schaerbeek": "24", "Woluwe-Saint-Lambert": "15"}, "2020-10-19": {"Bruxelles": "361", "Etterbeek": "88", "Evere": "83", "Schaerbeek": "289", "Woluwe-Saint-Lambert": "100"}, "2020-10-20": {"Bruxelles": "464", "Etterbeek": "130", "Evere": "136", "Schaerbeek": "400", "Woluwe-Saint-Lambert": "103"}, "2020-10-21": {"Bruxelles": "347", "Etterbeek": "81", "Evere": "67", "Schaerbeek": "243", "Woluwe-Saint-Lambert": "83"}, "2020-10-22": {"Bruxelles": "419", "Etterbeek": "122", "Evere": "79", "Schaerbeek": "299", "Woluwe-Saint-Lambert": "128"}, "2020-10-23": {"Bruxelles": "383", "Etterbeek": "106", "Evere": "82", "Schaerbeek": "301", "Woluwe-Saint-Lambert": "127"}, "2020-10-24": {"Bruxelles": "168", "Etterbeek": "66", "Evere": "54", "Schaerbeek": "124", "Woluwe-Saint-Lambert": "73"}, "2020-10-25": {"Bruxelles": "63", "Etterbeek": "10", "Evere": "24", "Schaerbeek": "41", "Woluwe-Saint-Lambert": "8"}, "2020-10-26": {"Bruxelles": "321", "Etterbeek": "99", "Evere": "87", "Schaerbeek": "187", "Woluwe-Saint-Lambert": "88"}, "2020-10-27": {"Bruxelles": "371", "Etterbeek": "87", "Evere": "107", "Schaerbeek": "319", "Woluwe-Saint-Lambert": "105"}, "2020-10-28": {"Bruxelles": "363", "Etterbeek": "60", "Evere": "66", "Schaerbeek": "211", "Woluwe-Saint-Lambert": "73"}, "2020-10-29": {"Bruxelles": "236", "Etterbeek": "58", "Evere": "73", "Schaerbeek": "179", "Woluwe-Saint-Lambert": "66"}, "2020-10-30": {"Bruxelles": "243", "Etterbeek": "69", "Evere": "48", "Schaerbeek": "163", "Woluwe-Saint-Lambert": "53"}, "2020-10-31": {"Bruxelles": "106", "Etterbeek": "32", "Evere": "14", "Schaerbeek": "48", "Woluwe-Saint-Lambert": "25"}, "2020-11-01": {"Bruxelles": "30", "Etterbeek": "6", "Evere": "5", "Schaerbeek": "24", "Woluwe-Saint-Lambert": "<5"}, "2020-11-02": {"Bruxelles": "274", "Etterbeek": "65", "Evere": "51", "Schaerbeek": "151", "Woluwe-Saint-Lambert": "71"}, "2020-11-03": {"Bruxelles": "168", "Etterbeek": "43", "Evere": "54", "Schaerbeek": "157", "Woluwe-Saint-Lambert": "47"}, "2020-11-04": {"Bruxelles": "134", "Etterbeek": "19", "Evere": "36", "Schaerbeek": "100", "Woluwe-Saint-Lambert": "31"}, "2020-11-05": {"Bruxelles": "117", "Etterbeek": "27", "Evere": "31", "Schaerbeek": "106", "Woluwe-Saint-Lambert": "30"}, "2020-11-06": {"Bruxelles": "118", "Etterbeek": "6", "Evere": "27", "Schaerbeek": "53", "Woluwe-Saint-Lambert": "31"}, "2020-11-07": {"Bruxelles": "53", "Etterbeek": "16", "Evere": "7", "Schaerbeek": "27", "Woluwe-Saint-Lambert": "9"}, "2020-11-08": {"Bruxelles": "11", "Etterbeek": "5", "Schaerbeek": "10", "Woluwe-Saint-Lambert": "<5"}, "2020-11-09": {"Bruxelles": "107", "Etterbeek": "27", "Evere": "20", "Schaerbeek": "108", "Woluwe-Saint-Lambert": "30"}, "2020-11-10": {"Bruxelles": "130", "Etterbeek": "28", "Evere": "22", "Schaerbeek": "79", "Woluwe-Saint-Lambert": "22"}, "2020-11-11": {"Bruxelles": "26", "Etterbeek": "10", "Evere": "<5", "Schaerbeek": "20", "Woluwe-Saint-Lambert": "10"}, "2020-11-12": {"Bruxelles": "92", "Etterbeek": "20", "Evere": "35", "Schaerbeek": "56", "Woluwe-Saint-Lambert": "28"}, "2020-11-13": {"Bruxelles": "59", "Etterbeek": "25", "Evere": "25", "Schaerbeek": "55", "Woluwe-Saint-Lambert": "21"}, "2020-11-14": {"Bruxelles": "21", "Etterbeek": "9", "Evere": "9", "Schaerbeek": "16", "Woluwe-Saint-Lambert": "10"}, "2020-11-15": {"Bruxelles": "15", "Schaerbeek": "6", "Woluwe-Saint-Lambert": "<5"}, "2020-11-16": {"Bruxelles": "89", "Etterbeek": "13", "Evere": "24", "Schaerbeek": "36", "Woluwe-Saint-Lambert": "18"}, "2020-11-17": {"Bruxelles": "58", "Etterbeek": "9", "Evere": "17", "Schaerbeek": "61", "Woluwe-Saint-Lambert": "12"}, "2020-11-18": {"Bruxelles": "62", "Etterbeek": "6", "Evere": "18", "Schaerbeek": "58", "Woluwe-Saint-Lambert": "22"}, "2020-11-19": {"Bruxelles": "47", "Etterbeek": "<5", "Evere": "16", "Schaerbeek": "34", "Woluwe-Saint-Lambert": "9"}, "2020-11-20": {"Bruxelles": "23", "Etterbeek": "9", "Evere": "22", "Schaerbeek": "41", "Woluwe-Saint-Lambert": "15"}, "2020-11-21": {"Bruxelles": "16", "Etterbeek": "<5", "Evere": "<5", "Schaerbeek": "21", "Woluwe-Saint-Lambert": "<5"}, "2020-11-22": {"Bruxelles": "<5", "Etterbeek": "<5", "Evere": "5", "Schaerbeek": "9", "Woluwe-Saint-Lambert": "<5"}, "2020-11-23": {"Bruxelles": "48", "Etterbeek": "<5", "Evere": "17", "Schaerbeek": "49", "Woluwe-Saint-Lambert": "7"}, "2020-11-24": {"Bruxelles": "42", "Etterbeek": "14", "Evere": "12", "Schaerbeek": "40", "Woluwe-Saint-Lambert": "5"}, "2020-11-25": {"Bruxelles": "27", "Etterbeek": "9", "Evere": "<5", "Schaerbeek": "17", "Woluwe-Saint-Lambert": "9"}, "2020-11-26": {"Bruxelles": "37", "Etterbeek": "7", "Evere": "<5", "Schaerbeek": "25", "Woluwe-Saint-Lambert": "11"}, "2020-11-27": {"Bruxelles": "34", "Etterbeek": "8", "Evere": "<5", "Schaerbeek": "21", "Woluwe-Saint-Lambert": "12"}, "2020-11-28": {"Bruxelles": "15", "Etterbeek": "7", "Evere": "<5", "Schaerbeek": "11", "Woluwe-Saint-Lambert": "<5"}, "2020-11-29": {"Bruxelles": "8", "Evere": "<5"}, "2020-11-30": {"Bruxelles": "34", "Etterbeek": "13", "Evere": "16", "Schaerbeek": "29", "Woluwe-Saint-Lambert": "12"}, "2020-12-01": {"Bruxelles": "40", "Etterbeek": "14", "Evere": "17", "Schaerbeek": "34", "Woluwe-Saint-Lambert": "8"}, "2020-12-02": {"Bruxelles": "32", "Etterbeek": "<5", "Evere": "9", "Schaerbeek": "29", "Woluwe-Saint-Lambert": "6"}, "2020-12-03": {"Bruxelles": "22", "Etterbeek": "7", "Evere": "8", "Schaerbeek": "21", "Woluwe-Saint-Lambert": "5"}, "2020-12-04": {"Bruxelles": "23", "Etterbeek": "5", "Evere": "<5", "Schaerbeek": "14", "Woluwe-Saint-Lambert": "11"}, "2020-12-05": {"Bruxelles": "22", "Etterbeek": "<5", "Evere": "<5", "Schaerbeek": "15", "Woluwe-Saint-Lambert": "<5"}, "2020-12-06": {"Bruxelles": "<5", "Evere": "<5", "Schaerbeek": "<5", "Woluwe-Saint-Lambert": "<5"}, "2020-12-07": {"Bruxelles": "27", "Etterbeek": "5", "Evere": "12", "Schaerbeek": "22", "Woluwe-Saint-Lambert": "14"}, "2020-12-08": {"Bruxelles": "37", "Etterbeek": "7", "Evere": "<5", "Schaerbeek": "18", "Woluwe-Saint-Lambert": "6"}, "2020-12-09": {"Bruxelles": "21", "Etterbeek": "5", "Evere": "5", "Schaerbeek": "22", "Woluwe-Saint-Lambert": "5"}, "2020-12-10": {"Bruxelles": "24", "Etterbeek": "7", "Evere": "10", "Schaerbeek": "23", "Woluwe-Saint-Lambert": "<5"}, "2020-12-11": {"Bruxelles": "17", "Etterbeek": "10", "Evere": "9", "Schaerbeek": "19", "Woluwe-Saint-Lambert": "10"}, "2020-12-12": {"Bruxelles": "13", "Etterbeek": "5", "Evere": "<5", "Schaerbeek": "6", "Woluwe-Saint-Lambert": "<5"}, "2020-12-13": {"Bruxelles": "7", "Etterbeek": "<5", "Evere": "<5", "Schaerbeek": "6", "Woluwe-Saint-Lambert": "<5"}, "2020-12-14": {"Bruxelles": "24", "Etterbeek": "8", "Evere": "10", "Schaerbeek": "23", "Woluwe-Saint-Lambert": "10"}, "2020-12-15": {"Bruxelles": "30", "Etterbeek": "9", "Evere": "9", "Schaerbeek": "39", "Woluwe-Saint-Lambert": "13"}, "2020-12-16": {"Bruxelles": "30", "Etterbeek": "9", "Evere": "<5", "Schaerbeek": "14", "Woluwe-Saint-Lambert": "17"}, "2020-12-17": {"Bruxelles": "34", "Etterbeek": "7", "Evere": "<5", "Schaerbeek": "19", "Woluwe-Saint-Lambert": "<5"}, "2020-12-18": {"Bruxelles": "19", "Etterbeek": "<5", "Evere": "9", "Schaerbeek": "28", "Woluwe-Saint-Lambert": "12"}, "2020-12-19": {"Bruxelles": "25", "Etterbeek": "<5", "Evere": "8", "Schaerbeek": "25", "Woluwe-Saint-Lambert": "6"}, "2020-12-20": {"Bruxelles": "<5", "Schaerbeek": "8", "Woluwe-Saint-Lambert": "<5"}, "2020-12-21": {"Bruxelles": "14", "Etterbeek": "8", "Evere": "13", "Schaerbeek": "26", "Woluwe-Saint-Lambert": "6"}, "2020-12-22": {"Bruxelles": "21", "Etterbeek": "8", "Evere": "15", "Schaerbeek": "18", "Woluwe-Saint-Lambert": "17"}, "2020-12-23": {"Bruxelles": "14", "Etterbeek": "5", "Evere": "5", "Schaerbeek": "30", "Woluwe-Saint-Lambert": "<5"}, "2020-12-24": {"Bruxelles": "20", "Etterbeek": "7", "Evere": "<5", "Schaerbeek": "17", "Woluwe-Saint-Lambert": "<5"}, "2020-12-25": {"Bruxelles": "<5", "Evere": "<5", "Schaerbeek": "<5", "Woluwe-Saint-Lambert": "<5"}, "2020-12-26": {"Bruxelles": "12", "Etterbeek": "<5", "Evere": "<5", "Schaerbeek": "14", "Woluwe-Saint-Lambert": "<5"}, "2020-12-27": {"Bruxelles": "7", "Etterbeek": "<5", "Evere": "<5", "Schaerbeek": "<5"}, "2020-12-28": {"Bruxelles": "19", "Etterbeek": "7", "Evere": "6", "Schaerbeek": "26", "Woluwe-Saint-Lambert": "<5"}, "2020-12-29": {"Bruxelles": "31", "Etterbeek": "9", "Evere": "9", "Schaerbeek": "20", "Woluwe-Saint-Lambert": "6"}, "2020-12-30": {"Bruxelles": "16", "Etterbeek": "<5", "Evere": "<5", "Schaerbeek": "25", "Woluwe-Saint-Lambert": "9"}, "2020-12-31": {"Bruxelles": "15", "Etterbeek": "8", "Evere": "<5", "Schaerbeek": "21", "Woluwe-Saint-Lambert": "5"}, "2021-01-01": {"Bruxelles": "11", "Schaerbeek": "13", "Woluwe-Saint-Lambert": "<5"}, "2021-01-02": {"Bruxelles": "10", "Etterbeek": "9", "Evere": "<5", "Schaerbeek": "19", "Woluwe-Saint-Lambert": "9"}, "2021-01-03": {"Bruxelles": "18", "Etterbeek": "12", "Evere": "<5", "Schaerbeek": "16", "Woluwe-Saint-Lambert": "<5"}, "2021-01-04": {"Bruxelles": "30", "Etterbeek": "13", "Evere": "<5", "Schaerbeek": "10", "Woluwe-Saint-Lambert": "12"}, "2021-01-05": {"Bruxelles": "65", "Etterbeek": "23", "Evere": "7", "Schaerbeek": "40", "Woluwe-Saint-Lambert": "21"}, "2021-01-06": {"Bruxelles": "52", "Etterbeek": "15", "Evere": "8", "Schaerbeek": "19", "Woluwe-Saint-Lambert": "10"}, "2021-01-07": {"Bruxelles": "42", "Etterbeek": "16", "Evere": "6", "Schaerbeek": "22", "Woluwe-Saint-Lambert": "6"}, "2021-01-08": {"Bruxelles": "49", "Etterbeek": "25", "Evere": "<5", "Schaerbeek": "21", "Woluwe-Saint-Lambert": "10"}, "2021-01-09": {"Bruxelles": "45", "Etterbeek": "19", "Evere": "<5", "Schaerbeek": "20", "Woluwe-Saint-Lambert": "22"}, "2021-01-10": {"Bruxelles": "25", "Etterbeek": "7", "Evere": "5", "Schaerbeek": "21", "Woluwe-Saint-Lambert": "7"}, "2021-01-11": {"Bruxelles": "40", "Etterbeek": "7", "Evere": "10", "Schaerbeek": "37", "Woluwe-Saint-Lambert": "15"}, "2021-01-12": {"Bruxelles": "34", "Etterbeek": "16", "Evere": "7", "Schaerbeek": "24", "Woluwe-Saint-Lambert": "6"}, "2021-01-13": {"Bruxelles": "40", "Etterbeek": "15", "Evere": "5", "Schaerbeek": "18", "Woluwe-Saint-Lambert": "8"}, "2021-01-14": {"Bruxelles": "29", "Etterbeek": "11", "Evere": "<5", "Schaerbeek": "21", "Woluwe-Saint-Lambert": "5"}, "2021-01-15": {"Bruxelles": "44", "Etterbeek": "14", "Evere": "7", "Schaerbeek": "21", "Woluwe-Saint-Lambert": "6"}, "2021-01-16": {"Bruxelles": "20", "Etterbeek": "8", "Evere": "6", "Schaerbeek": "9", "Woluwe-Saint-Lambert": "<5"}, "2021-01-17": {"Bruxelles": "19", "Etterbeek": "11", "Evere": "<5", "Schaerbeek": "5", "Woluwe-Saint-Lambert": "7"}, "2021-01-18": {"Bruxelles": "38", "Etterbeek": "11", "Evere": "10", "Schaerbeek": "35", "Woluwe-Saint-Lambert": "10"}, "2021-01-19": {"Bruxelles": "27", "Etterbeek": "10", "Evere": "17", "Schaerbeek": "27", "Woluwe-Saint-Lambert": "10"}, "2021-01-20": {"Bruxelles": "28", "Etterbeek": "<5", "Evere": "9", "Schaerbeek": "24", "Woluwe-Saint-Lambert": "25"}, "2021-01-21": {"Bruxelles": "30", "Etterbeek": "<5", "Evere": "8", "Schaerbeek": "24", "Woluwe-Saint-Lambert": "9"}, "2021-01-22": {"Bruxelles": "50", "Etterbeek": "10", "Evere": "8", "Schaerbeek": "31", "Woluwe-Saint-Lambert": "13"}, "2021-01-23": {"Bruxelles": "11", "Etterbeek": "5", "Evere": "5", "Schaerbeek": "17", "Woluwe-Saint-Lambert": "7"}, "2021-01-24": {"Bruxelles": "11", "Etterbeek": "7", "Evere": "<5", "Schaerbeek": "9", "Woluwe-Saint-Lambert": "5"}, "2021-01-25": {"Bruxelles": "33", "Etterbeek": "11", "Evere": "21", "Schaerbeek": "24", "Woluwe-Saint-Lambert": "9"}, "2021-01-26": {"Bruxelles": "30", "Etterbeek": "<5", "Evere": "6", "Schaerbeek": "17", "Woluwe-Saint-Lambert": "<5"}, "2021-01-27": {"Bruxelles": "24", "Etterbeek": "<5", "Evere": "11", "Schaerbeek": "30", "Woluwe-Saint-Lambert": "9"}, "2021-01-28": {"Bruxelles": "46", "Etterbeek": "<5", "Evere": "8", "Schaerbeek": "19", "Woluwe-Saint-Lambert": "16"}, "2021-01-29": {"Bruxelles": "49", "Etterbeek": "8", "Evere": "14", "Schaerbeek": "29", "Woluwe-Saint-Lambert": "15"}, "2021-01-30": {"Bruxelles": "43", "Etterbeek": "11", "Evere": "<5", "Schaerbeek": "15", "Woluwe-Saint-Lambert": "11"}, "2021-01-31": {"Bruxelles": "6", "Etterbeek": "5", "Evere": "7", "Schaerbeek": "8", "Woluwe-Saint-Lambert": "<5"}, "2021-02-01": {"Bruxelles": "46", "Etterbeek": "15", "Evere": "19", "Schaerbeek": "29", "Woluwe-Saint-Lambert": "21"}, "2021-02-02": {"Bruxelles": "32", "Etterbeek": "15", "Evere": "8", "Schaerbeek": "27", "Woluwe-Saint-Lambert": "8"}, "2021-02-03": {"Bruxelles": "31", "Etterbeek": "10", "Evere": "12", "Schaerbeek": "22", "Woluwe-Saint-Lambert": "10"}, "2021-02-04": {"Bruxelles": "44", "Etterbeek": "13", "Evere": "8", "Schaerbeek": "33", "Woluwe-Saint-Lambert": "10"}, "2021-02-05": {"Bruxelles": "34", "Etterbeek": "12", "Evere": "12", "Schaerbeek": "32", "Woluwe-Saint-Lambert": "17"}, "2021-02-06": {"Bruxelles": "21", "Etterbeek": "8", "Evere": "5", "Schaerbeek": "14", "Woluwe-Saint-Lambert": "5"}, "2021-02-07": {"Bruxelles": "5", "Etterbeek": "10", "Evere": "<5", "Schaerbeek": "9", "Woluwe-Saint-Lambert": "<5"}, "2021-02-08": {"Bruxelles": "26", "Etterbeek": "8", "Evere": "6", "Schaerbeek": "40", "Woluwe-Saint-Lambert": "11"}, "2021-02-09": {"Bruxelles": "40", "Etterbeek": "9", "Evere": "10", "Schaerbeek": "33", "Woluwe-Saint-Lambert": "16"}, "2021-02-10": {"Bruxelles": "33", "Etterbeek": "10", "Evere": "6", "Schaerbeek": "29", "Woluwe-Saint-Lambert": "15"}, "2021-02-11": {"Bruxelles": "24", "Etterbeek": "5", "Evere": "<5", "Schaerbeek": "29", "Woluwe-Saint-Lambert": "15"}, "2021-02-12": {"Bruxelles": "16", "Etterbeek": "13", "Evere": "10", "Schaerbeek": "31", "Woluwe-Saint-Lambert": "7"}, "2021-02-13": {"Bruxelles": "16", "Etterbeek": "<5", "Evere": "11", "Schaerbeek": "24", "Woluwe-Saint-Lambert": "10"}, "2021-02-14": {"Bruxelles": "9", "Etterbeek": "<5", "Evere": "5", "Schaerbeek": "8", "Woluwe-Saint-Lambert": "<5"}, "2021-02-15": {"Bruxelles": "38", "Etterbeek": "<5", "Evere": "14", "Schaerbeek": "44", "Woluwe-Saint-Lambert": "7"}, "2021-02-16": {"Bruxelles": "37", "Etterbeek": "8", "Evere": "12", "Schaerbeek": "31", "Woluwe-Saint-Lambert": "12"}, "2021-02-17": {"Bruxelles": "38", "Etterbeek": "12", "Evere": "11", "Schaerbeek": "34", "Woluwe-Saint-Lambert": "17"}, "2021-02-18": {"Bruxelles": "33", "Etterbeek": "15", "Evere": "12", "Schaerbeek": "34", "Woluwe-Saint-Lambert": "17"}, "2021-02-19": {"Bruxelles": "48", "Etterbeek": "12", "Evere": "10", "Schaerbeek": "32", "Woluwe-Saint-Lambert": "5"}, "2021-02-20": {"Bruxelles": "28", "Etterbeek": "8", "Evere": "13", "Schaerbeek": "13", "Woluwe-Saint-Lambert": "5"}, "2021-02-21": {"Bruxelles": "12", "Etterbeek": "<5", "Evere": "7", "Schaerbeek": "11", "Woluwe-Saint-Lambert": "<5"}, "2021-02-22": {"Bruxelles": "51", "Etterbeek": "14", "Evere": "9", "Schaerbeek": "57", "Woluwe-Saint-Lambert": "13"}, "2021-02-23": {"Bruxelles": "47", "Etterbeek": "8", "Evere": "12", "Schaerbeek": "49", "Woluwe-Saint-Lambert": "9"}, "2021-02-24": {"Bruxelles": "47", "Etterbeek": "10", "Evere": "5", "Schaerbeek": "45", "Woluwe-Saint-Lambert": "10"}, "2021-02-25": {"Bruxelles": "72", "Etterbeek": "9", "Evere": "12", "Schaerbeek": "44", "Woluwe-Saint-Lambert": "10"}, "2021-02-26": {"Bruxelles": "77", "Etterbeek": "17", "Evere": "14", "Schaerbeek": "45", "Woluwe-Saint-Lambert": "14"}, "2021-02-27": {"Bruxelles": "48", "Etterbeek": "11", "Evere": "13", "Schaerbeek": "31", "Woluwe-Saint-Lambert": "7"}, "2021-02-28": {"Bruxelles": "21", "Etterbeek": "<5", "Evere": "8", "Schaerbeek": "19", "Woluwe-Saint-Lambert": "<5"}, "2021-03-01": {"Bruxelles": "71", "Etterbeek": "32", "Evere": "22", "Schaerbeek": "69", "Woluwe-Saint-Lambert": "13"}, "2021-03-02": {"Bruxelles": "62", "Etterbeek": "19", "Evere": "8", "Schaerbeek": "51", "Woluwe-Saint-Lambert": "7"}, "2021-03-03": {"Bruxelles": "71", "Etterbeek": "12", "Evere": "10", "Schaerbeek": "45", "Woluwe-Saint-Lambert": "10"}, "2021-03-04": {"Bruxelles": "53", "Etterbeek": "13", "Evere": "12", "Schaerbeek": "49", "Woluwe-Saint-Lambert": "9"}, "2021-03-05": {"Bruxelles": "61", "Etterbeek": "10", "Evere": "17", "Schaerbeek": "42", "Woluwe-Saint-Lambert": "14"}, "2021-03-06": {"Bruxelles": "20", "Etterbeek": "9", "Evere": "9", "Schaerbeek": "21", "Woluwe-Saint-Lambert": "6"}, "2021-03-07": {"Bruxelles": "25", "Etterbeek": "5", "Evere": "<5", "Schaerbeek": "10", "Woluwe-Saint-Lambert": "<5"}, "2021-03-08": {"Bruxelles": "68", "Etterbeek": "20", "Evere": "17", "Schaerbeek": "54", "Woluwe-Saint-Lambert": "12"}, "2021-03-09": {"Bruxelles": "77", "Etterbeek": "16", "Evere": "15", "Schaerbeek": "73", "Woluwe-Saint-Lambert": "6"}, "2021-03-10": {"Bruxelles": "70", "Etterbeek": "13", "Evere": "13", "Schaerbeek": "63", "Woluwe-Saint-Lambert": "18"}, "2021-03-11": {"Bruxelles": "74", "Etterbeek": "18", "Evere": "22", "Schaerbeek": "67", "Woluwe-Saint-Lambert": "12"}, "2021-03-12": {"Bruxelles": "65", "Etterbeek": "22", "Evere": "18", "Schaerbeek": "66", "Woluwe-Saint-Lambert": "18"}, "2021-03-13": {"Bruxelles": "44", "Etterbeek": "15", "Evere": "14", "Schaerbeek": "38", "Woluwe-Saint-Lambert": "21"}, "2021-03-14": {"Bruxelles": "31", "Etterbeek": "15", "Evere": "10", "Schaerbeek": "24", "Woluwe-Saint-Lambert": "16"}, "2021-03-15": {"Bruxelles": "95", "Etterbeek": "15", "Evere": "27", "Schaerbeek": "102", "Woluwe-Saint-Lambert": "24"}, "2021-03-16": {"Bruxelles": "93", "Etterbeek": "17", "Evere": "23", "Schaerbeek": "97", "Woluwe-Saint-Lambert": "26"}, "2021-03-17": {"Bruxelles": "100", "Etterbeek": "19", "Evere": "17", "Schaerbeek": "80", "Woluwe-Saint-Lambert": "25"}, "2021-03-18": {"Bruxelles": "127", "Etterbeek": "26", "Evere": "13", "Schaerbeek": "69", "Woluwe-Saint-Lambert": "26"}, "2021-03-19": {"Bruxelles": "96", "Etterbeek": "9", "Evere": "25", "Schaerbeek": "90", "Woluwe-Saint-Lambert": "29"}, "2021-03-20": {"Bruxelles": "55", "Etterbeek": "19", "Evere": "9", "Schaerbeek": "53", "Woluwe-Saint-Lambert": "14"}, "2021-03-21": {"Bruxelles": "21", "Etterbeek": "8", "Evere": "18", "Schaerbeek": "32", "Woluwe-Saint-Lambert": "9"}, "2021-03-22": {"Bruxelles": "146", "Etterbeek": "19", "Evere": "29", "Schaerbeek": "90", "Woluwe-Saint-Lambert": "29"}, "2021-03-23": {"Bruxelles": "114", "Etterbeek": "18", "Evere": "21", "Schaerbeek": "91", "Woluwe-Saint-Lambert": "37"}, "2021-03-24": {"Bruxelles": "132", "Etterbeek": "24", "Evere": "22", "Schaerbeek": "90", "Woluwe-Saint-Lambert": "28"}, "2021-03-25": {"Bruxelles": "140", "Etterbeek": "30", "Evere": "21", "Schaerbeek": "69", "Woluwe-Saint-Lambert": "32"}, "2021-03-26": {"Bruxelles": "96", "Etterbeek": "40", "Evere": "25", "Schaerbeek": "77", "Woluwe-Saint-Lambert": "31"}, "2021-03-27": {"Bruxelles": "75", "Etterbeek": "9", "Evere": "25", "Schaerbeek": "56", "Woluwe-Saint-Lambert": "17"}, "2021-03-28": {"Bruxelles": "41", "Etterbeek": "17", "Evere": "<5", "Schaerbeek": "32", "Woluwe-Saint-Lambert": "13"}, "2021-03-29": {"Bruxelles": "105", "Etterbeek": "27", "Evere": "18", "Schaerbeek": "62", "Woluwe-Saint-Lambert": "23"}, "2021-03-30": {"Bruxelles": "87", "Etterbeek": "12", "Evere": "18", "Schaerbeek": "61", "Woluwe-Saint-Lambert": "17"}, "2021-03-31": {"Bruxelles": "74", "Etterbeek": "18", "Evere": "15", "Schaerbeek": "80", "Woluwe-Saint-Lambert": "27"}, "2021-04-01": {"Bruxelles": "92", "Etterbeek": "25", "Evere": "13", "Schaerbeek": "66", "Woluwe-Saint-Lambert": "27"}, "2021-04-02": {"Bruxelles": "85", "Etterbeek": "14", "Evere": "14", "Schaerbeek": "76", "Woluwe-Saint-Lambert": "27"}, "2021-04-03": {"Bruxelles": "62", "Etterbeek": "28", "Evere": "18", "Schaerbeek": "44", "Woluwe-Saint-Lambert": "16"}, "2021-04-04": {"Bruxelles": "27", "Etterbeek": "10", "Evere": "9", "Schaerbeek": "30", "Woluwe-Saint-Lambert": "8"}, "2021-04-05": {"Bruxelles": "31", "Etterbeek": "18", "Evere": "6", "Schaerbeek": "37", "Woluwe-Saint-Lambert": "10"}, "2021-04-06": {"Bruxelles": "61", "Etterbeek": "19", "Evere": "21", "Schaerbeek": "66", "Woluwe-Saint-Lambert": "14"}, "2021-04-07": {"Bruxelles": "50", "Etterbeek": "23", "Evere": "9", "Schaerbeek": "59", "Woluwe-Saint-Lambert": "14"}, "2021-04-08": {"Bruxelles": "85", "Etterbeek": "17", "Evere": "18", "Schaerbeek": "83", "Woluwe-Saint-Lambert": "23"}, "2021-04-09": {"Bruxelles": "79", "Etterbeek": "27", "Evere": "18", "Schaerbeek": "59", "Woluwe-Saint-Lambert": "21"}, "2021-04-10": {"Bruxelles": "31", "Etterbeek": "16", "Evere": "16", "Schaerbeek": "37", "Woluwe-Saint-Lambert": "22"}, "2021-04-11": {"Bruxelles": "25", "Etterbeek": "7", "Evere": "5", "Schaerbeek": "18", "Woluwe-Saint-Lambert": "10"}, "2021-04-12": {"Bruxelles": "85", "Etterbeek": "21", "Evere": "8", "Schaerbeek": "51", "Woluwe-Saint-Lambert": "20"}, "2021-04-13": {"Bruxelles": "75", "Etterbeek": "14", "Evere": "14", "Schaerbeek": "54", "Woluwe-Saint-Lambert": "12"}, "2021-04-14": {"Bruxelles": "84", "Etterbeek": "14", "Evere": "21", "Schaerbeek": "71", "Woluwe-Saint-Lambert": "25"}, "2021-04-15": {"Bruxelles": "56", "Etterbeek": "16", "Evere": "14", "Schaerbeek": "54", "Woluwe-Saint-Lambert": "7"}, "2021-04-16": {"Bruxelles": "84", "Etterbeek": "19", "Evere": "16", "Schaerbeek": "61", "Woluwe-Saint-Lambert": "15"}, "2021-04-17": {"Bruxelles": "55", "Etterbeek": "13", "Evere": "10", "Schaerbeek": "39", "Woluwe-Saint-Lambert": "20"}, "2021-04-18": {"Bruxelles": "45", "Etterbeek": "9", "Evere": "9", "Schaerbeek": "40", "Woluwe-Saint-Lambert": "12"}, "2021-04-19": {"Bruxelles": "99", "Etterbeek": "24", "Evere": "26", "Schaerbeek": "61", "Woluwe-Saint-Lambert": "17"}, "2021-04-20": {"Bruxelles": "73", "Etterbeek": "23", "Evere": "14", "Schaerbeek": "53", "Woluwe-Saint-Lambert": "25"}, "2021-04-21": {"Bruxelles": "72", "Etterbeek": "13", "Evere": "7", "Schaerbeek": "42", "Woluwe-Saint-Lambert": "17"}, "2021-04-22": {"Bruxelles": "62", "Etterbeek": "14", "Evere": "18", "Schaerbeek": "44", "Woluwe-Saint-Lambert": "20"}, "2021-04-23": {"Bruxelles": "82", "Etterbeek": "19", "Evere": "12", "Schaerbeek": "49", "Woluwe-Saint-Lambert": "25"}, "2021-04-24": {"Bruxelles": "38", "Etterbeek": "9", "Evere": "10", "Schaerbeek": "25", "Woluwe-Saint-Lambert": "10"}, "2021-04-25": {"Bruxelles": "29", "Etterbeek": "10", "Evere": "7", "Schaerbeek": "18", "Woluwe-Saint-Lambert": "9"}, "2021-04-26": {"Bruxelles": "63", "Etterbeek": "25", "Evere": "13", "Schaerbeek": "31", "Woluwe-Saint-Lambert": "26"}, "2021-04-27": {"Bruxelles": "54", "Etterbeek": "11", "Evere": "16", "Schaerbeek": "40", "Woluwe-Saint-Lambert": "11"}, "2021-04-28": {"Bruxelles": "45", "Etterbeek": "<5", "Evere": "15", "Schaerbeek": "38", "Woluwe-Saint-Lambert": "16"}, "2021-04-29": {"Bruxelles": "36", "Etterbeek": "10", "Evere": "11", "Schaerbeek": "55", "Woluwe-Saint-Lambert": "14"}, "2021-04-30": {"Bruxelles": "42", "Etterbeek": "8", "Evere": "16", "Schaerbeek": "59", "Woluwe-Saint-Lambert": "10"}, "2021-05-01": {"Bruxelles": "31", "Etterbeek": "6", "Evere": "11", "Schaerbeek": "36", "Woluwe-Saint-Lambert": "7"}, "2021-05-02": {"Bruxelles": "18", "Etterbeek": "7", "Evere": "<5", "Schaerbeek": "23", "Woluwe-Saint-Lambert": "9"}, "2021-05-03": {"Bruxelles": "63", "Etterbeek": "14", "Evere": "16", "Schaerbeek": "36", "Woluwe-Saint-Lambert": "21"}, "2021-05-04": {"Bruxelles": "51", "Etterbeek": "17", "Evere": "8", "Schaerbeek": "46", "Woluwe-Saint-Lambert": "14"}, "2021-05-05": {"Bruxelles": "50", "Etterbeek": "20", "Evere": "13", "Schaerbeek": "30", "Woluwe-Saint-Lambert": "20"}, "2021-05-06": {"Bruxelles": "53", "Etterbeek": "17", "Evere": "16", "Schaerbeek": "48", "Woluwe-Saint-Lambert": "16"}, "2021-05-07": {"Bruxelles": "37", "Etterbeek": "11", "Evere": "14", "Schaerbeek": "24", "Woluwe-Saint-Lambert": "10"}, "2021-05-08": {"Bruxelles": "42", "Etterbeek": "7", "Evere": "5", "Schaerbeek": "28", "Woluwe-Saint-Lambert": "7"}, "2021-05-09": {"Bruxelles": "33", "Etterbeek": "6", "Evere": "<5", "Schaerbeek": "15", "Woluwe-Saint-Lambert": "<5"}, "2021-05-10": {"Bruxelles": "45", "Etterbeek": "13", "Evere": "5", "Schaerbeek": "27", "Woluwe-Saint-Lambert": "8"}, "2021-05-11": {"Bruxelles": "50", "Etterbeek": "14", "Evere": "<5", "Schaerbeek": "25", "Woluwe-Saint-Lambert": "5"}, "2021-05-12": {"Bruxelles": "44", "Etterbeek": "8", "Evere": "6", "Schaerbeek": "16", "Woluwe-Saint-Lambert": "17"}, "2021-05-13": {"Bruxelles": "25", "Etterbeek": "8", "Evere": "<5", "Schaerbeek": "13", "Woluwe-Saint-Lambert": "5"}, "2021-05-14": {"Bruxelles": "36", "Etterbeek": "8", "Evere": "8", "Schaerbeek": "24", "Woluwe-Saint-Lambert": "9"}, "2021-05-15": {"Bruxelles": "41", "Etterbeek": "10", "Evere": "5", "Schaerbeek": "17", "Woluwe-Saint-Lambert": "6"}, "2021-05-16": {"Bruxelles": "19", "Etterbeek": "<5", "Evere": "10", "Schaerbeek": "13", "Woluwe-Saint-Lambert": "<5"}, "2021-05-17": {"Bruxelles": "69", "Etterbeek": "14", "Evere": "6", "Schaerbeek": "42", "Woluwe-Saint-Lambert": "17"}, "2021-05-18": {"Bruxelles": "51", "Etterbeek": "9", "Evere": "15", "Schaerbeek": "25", "Woluwe-Saint-Lambert": "8"}, "2021-05-19": {"Bruxelles": "79", "Etterbeek": "9", "Evere": "6", "Schaerbeek": "45", "Woluwe-Saint-Lambert": "10"}, "2021-05-20": {"Bruxelles": "39", "Etterbeek": "5", "Evere": "<5", "Schaerbeek": "46", "Woluwe-Saint-Lambert": "6"}, "2021-05-21": {"Bruxelles": "47", "Etterbeek": "13", "Evere": "10", "Schaerbeek": "29", "Woluwe-Saint-Lambert": "7"}, "2021-05-22": {"Bruxelles": "38", "Etterbeek": "7", "Evere": "11", "Schaerbeek": "22", "Woluwe-Saint-Lambert": "12"}, "2021-05-23": {"Bruxelles": "10", "Etterbeek": "<5", "Evere": "<5", "Schaerbeek": "10", "Woluwe-Saint-Lambert": "<5"}, "2021-05-24": {"Bruxelles": "32", "Etterbeek": "10", "Evere": "<5", "Schaerbeek": "19", "Woluwe-Saint-Lambert": "9"}, "2021-05-25": {"Bruxelles": "49", "Etterbeek": "11", "Evere": "10", "Schaerbeek": "43", "Woluwe-Saint-Lambert": "15"}, "2021-05-26": {"Bruxelles": "44", "Etterbeek": "12", "Evere": "7", "Schaerbeek": "35", "Woluwe-Saint-Lambert": "12"}, "2021-05-27": {"Bruxelles": "38", "Etterbeek": "7", "Evere": "10", "Schaerbeek": "26", "Woluwe-Saint-Lambert": "8"}, "2021-05-28": {"Bruxelles": "38", "Etterbeek": "9", "Evere": "12", "Schaerbeek": "26", "Woluwe-Saint-Lambert": "7"}, "2021-05-29": {"Bruxelles": "15", "Etterbeek": "<5", "Evere": "5", "Schaerbeek": "16", "Woluwe-Saint-Lambert": "<5"}, "2021-05-30": {"Bruxelles": "10", "Etterbeek": "6", "Evere": "<5", "Schaerbeek": "17", "Woluwe-Saint-Lambert": "5"}, "2021-05-31": {"Bruxelles": "33", "Etterbeek": "9", "Evere": "9", "Schaerbeek": "35", "Woluwe-Saint-Lambert": "10"}, "2021-06-01": {"Bruxelles": "23", "Etterbeek": "11", "Evere": "<5", "Schaerbeek": "21", "Woluwe-Saint-Lambert": "5"}, "2021-06-02": {"Bruxelles": "30", "Etterbeek": "5", "Evere": "10", "Schaerbeek": "27", "Woluwe-Saint-Lambert": "<5"}, "2021-06-03": {"Bruxelles": "30", "Etterbeek": "12", "Evere": "<5", "Schaerbeek": "16", "Woluwe-Saint-Lambert": "9"}, "2021-06-04": {"Bruxelles": "26", "Etterbeek": "10", "Evere": "<5", "Schaerbeek": "16", "Woluwe-Saint-Lambert": "6"}, "2021-06-05": {"Bruxelles": "11", "Etterbeek": "<5", "Evere": "<5", "Schaerbeek": "15", "Woluwe-Saint-Lambert": "<5"}, "2021-06-06": {"Bruxelles": "7", "Etterbeek": "<5", "Schaerbeek": "9", "Woluwe-Saint-Lambert": "<5"}, "2021-06-07": {"Bruxelles": "33", "Etterbeek": "7", "Evere": "9", "Schaerbeek": "21", "Woluwe-Saint-Lambert": "13"}, "2021-06-08": {"Bruxelles": "17", "Etterbeek": "<5", "Evere": "5", "Schaerbeek": "15", "Woluwe-Saint-Lambert": "<5"}, "2021-06-09": {"Bruxelles": "21", "Etterbeek": "6", "Evere": "5", "Schaerbeek": "13", "Woluwe-Saint-Lambert": "14"}, "2021-06-10": {"Bruxelles": "18", "Etterbeek": "6", "Evere": "10", "Schaerbeek": "12", "Woluwe-Saint-Lambert": "5"}, "2021-06-11": {"Bruxelles": "25", "Etterbeek": "7", "Evere": "<5", "Schaerbeek": "12", "Woluwe-Saint-Lambert": "6"}, "2021-06-12": {"Bruxelles": "12", "Etterbeek": "<5", "Evere": "<5", "Schaerbeek": "8", "Woluwe-Saint-Lambert": "<5"}, "2021-06-13": {"Bruxelles": "<5", "Etterbeek": "<5", "Evere": "<5", "Schaerbeek": "<5", "Woluwe-Saint-Lambert": "<5"}, "2021-06-14": {"Bruxelles": "22", "Etterbeek": "5", "Evere": "<5", "Schaerbeek": "8", "Woluwe-Saint-Lambert": "<5"}, "2021-06-15": {"Bruxelles": "12", "Etterbeek": "<5", "Evere": "<5", "Schaerbeek": "6", "Woluwe-Saint-Lambert": "<5"}, "2021-06-16": {"Bruxelles": "11", "Etterbeek": "<5", "Evere": "<5", "Schaerbeek": "5", "Woluwe-Saint-Lambert": "<5"}, "2021-06-17": {"Bruxelles": "20", "Etterbeek": "5", "Evere": "<5", "Schaerbeek": "7", "Woluwe-Saint-Lambert": "<5"}, "2021-06-18": {"Bruxelles": "7", "Etterbeek": "<5", "Evere": "<5", "Schaerbeek": "6", "Woluwe-Saint-Lambert": "<5"}, "2021-06-19": {"Bruxelles": "12", "Schaerbeek": "11", "Woluwe-Saint-Lambert": "<5"}, "2021-06-20": {"Bruxelles": "10", "Etterbeek": "<5", "Schaerbeek": "<5", "Woluwe-Saint-Lambert": "<5"}, "2021-06-21": {"Bruxelles": "15", "Etterbeek": "5", "Evere": "<5", "Schaerbeek": "9", "Woluwe-Saint-Lambert": "6"}, "2021-06-22": {"Bruxelles": "5", "Etterbeek": "<5", "Evere": "6", "Schaerbeek": "7", "Woluwe-Saint-Lambert": "<5"}, "2021-06-23": {"Bruxelles": "12", "Etterbeek": "<5", "Evere": "7", "Schaerbeek": "6", "Woluwe-Saint-Lambert": "5"}, "2021-06-24": {"Bruxelles": "10", "Evere": "5", "Schaerbeek": "6", "Woluwe-Saint-Lambert": "<5"}, "2021-06-25": {"Bruxelles": "14", "Evere": "6", "Schaerbeek": "10", "Woluwe-Saint-Lambert": "<5"}, "2021-06-26": {"Bruxelles": "6", "Etterbeek": "<5", "Evere": "<5", "Schaerbeek": "6", "Woluwe-Saint-Lambert": "<5"}, "2021-06-27": {"Bruxelles": "5", "Etterbeek": "<5", "Evere": "<5", "Schaerbeek": "<5", "Woluwe-Saint-Lambert": "<5"}, "2021-06-28": {"Bruxelles": "22", "Etterbeek": "<5", "Schaerbeek": "7", "Woluwe-Saint-Lambert": "5"}, "2021-06-29": {"Bruxelles": "16", "Etterbeek": "<5", "Evere": "<5", "Schaerbeek": "12", "Woluwe-Saint-Lambert": "5"}, "2021-06-30": {"Bruxelles": "16", "Etterbeek": "<5", "Evere": "9", "Schaerbeek": "12", "Woluwe-Saint-Lambert": "<5"}, "2021-07-01": {"Bruxelles": "15", "Etterbeek": "6", "Evere": "<5", "Schaerbeek": "10", "Woluwe-Saint-Lambert": "8"}, "2021-07-02": {"Bruxelles": "16", "Etterbeek": "<5", "Evere": "7", "Schaerbeek": "16", "Woluwe-Saint-Lambert": "8"}, "2021-07-03": {"Bruxelles": "20", "Evere": "<5", "Schaerbeek": "14", "Woluwe-Saint-Lambert": "9"}, "2021-07-04": {"Bruxelles": "6", "Etterbeek": "<5", "Evere": "<5", "Schaerbeek": "6", "Woluwe-Saint-Lambert": "7"}, "2021-07-05": {"Bruxelles": "24", "Etterbeek": "7", "Evere": "<5", "Schaerbeek": "21", "Woluwe-Saint-Lambert": "<5"}, "2021-07-06": {"Bruxelles": "30", "Etterbeek": "9", "Evere": "9", "Schaerbeek": "24", "Woluwe-Saint-Lambert": "12"}, "2021-07-07": {"Bruxelles": "32", "Etterbeek": "13", "Evere": "8", "Schaerbeek": "21", "Woluwe-Saint-Lambert": "13"}, "2021-07-08": {"Bruxelles": "33", "Etterbeek": "13", "Evere": "<5", "Schaerbeek": "21", "Woluwe-Saint-Lambert": "6"}, "2021-07-09": {"Bruxelles": "40", "Etterbeek": "11", "Evere": "7", "Schaerbeek": "13", "Woluwe-Saint-Lambert": "10"}, "2021-07-10": {"Bruxelles": "24", "Etterbeek": "6", "Evere": "5", "Schaerbeek": "14", "Woluwe-Saint-Lambert": "<5"}, "2021-07-11": {"Bruxelles": "33", "Etterbeek": "8", "Evere": "5", "Schaerbeek": "20", "Woluwe-Saint-Lambert": "6"}, "2021-07-12": {"Bruxelles": "29", "Etterbeek": "16", "Evere": "8", "Schaerbeek": "41", "Woluwe-Saint-Lambert": "11"}, "2021-07-13": {"Bruxelles": "31", "Etterbeek": "17", "Evere": "<5", "Schaerbeek": "21", "Woluwe-Saint-Lambert": "9"}, "2021-07-14": {"Bruxelles": "26", "Etterbeek": "9", "Evere": "<5", "Schaerbeek": "19", "Woluwe-Saint-Lambert": "8"}, "2021-07-15": {"Bruxelles": "38", "Etterbeek": "12", "Evere": "5", "Schaerbeek": "37", "Woluwe-Saint-Lambert": "15"}, "2021-07-16": {"Bruxelles": "39", "Etterbeek": "7", "Evere": "7", "Schaerbeek": "22", "Woluwe-Saint-Lambert": "11"}, "2021-07-17": {"Bruxelles": "20", "Etterbeek": "11", "Evere": "5", "Schaerbeek": "11", "Woluwe-Saint-Lambert": "10"}, "2021-07-18": {"Bruxelles": "14", "Etterbeek": "7", "Evere": "<5", "Schaerbeek": "23", "Woluwe-Saint-Lambert": "9"}, "2021-07-19": {"Bruxelles": "45", "Etterbeek": "9", "Evere": "8", "Schaerbeek": "26", "Woluwe-Saint-Lambert": "20"}, "2021-07-20": {"Bruxelles": "42", "Etterbeek": "22", "Evere": "16", "Schaerbeek": "31", "Woluwe-Saint-Lambert": "21"}, "2021-07-21": {"Bruxelles": "24", "Etterbeek": "6", "Evere": "<5", "Schaerbeek": "8", "Woluwe-Saint-Lambert": "6"}, "2021-07-22": {"Bruxelles": "49", "Etterbeek": "18", "Evere": "21", "Schaerbeek": "29", "Woluwe-Saint-Lambert": "21"}, "2021-07-23": {"Bruxelles": "43", "Etterbeek": "8", "Evere": "<5", "Schaerbeek": "33", "Woluwe-Saint-Lambert": "12"}, "2021-07-24": {"Bruxelles": "24", "Etterbeek": "9", "Evere": "11", "Schaerbeek": "29", "Woluwe-Saint-Lambert": "12"}, "2021-07-25": {"Bruxelles": "21", "Etterbeek": "9", "Evere": "<5", "Schaerbeek": "9", "Woluwe-Saint-Lambert": "7"}, "2021-07-26": {"Bruxelles": "47", "Etterbeek": "19", "Evere": "15", "Schaerbeek": "28", "Woluwe-Saint-Lambert": "13"}, "2021-07-27": {"Bruxelles": "41", "Etterbeek": "16", "Evere": "15", "Schaerbeek": "31", "Woluwe-Saint-Lambert": "16"}, "2021-07-28": {"Bruxelles": "35", "Etterbeek": "11", "Evere": "7", "Schaerbeek": "33", "Woluwe-Saint-Lambert": "15"}, "2021-07-29": {"Bruxelles": "58", "Etterbeek": "7", "Evere": "10", "Schaerbeek": "38", "Woluwe-Saint-Lambert": "16"}, "2021-07-30": {"Bruxelles": "37", "Etterbeek": "8", "Evere": "5", "Schaerbeek": "34", "Woluwe-Saint-Lambert": "12"}, "2021-07-31": {"Bruxelles": "41", "Etterbeek": "9", "Evere": "6", "Schaerbeek": "43", "Woluwe-Saint-Lambert": "7"}, "2021-08-01": {"Bruxelles": "40", "Etterbeek": "12", "Evere": "13", "Schaerbeek": "17", "Woluwe-Saint-Lambert": "22"}, "2021-08-02": {"Bruxelles": "59", "Etterbeek": "18", "Evere": "12", "Schaerbeek": "35", "Woluwe-Saint-Lambert": "13"}, "2021-08-03": {"Bruxelles": "67", "Etterbeek": "5", "Evere": "15", "Schaerbeek": "56", "Woluwe-Saint-Lambert": "11"}, "2021-08-04": {"Bruxelles": "58", "Etterbeek": "18", "Evere": "14", "Schaerbeek": "40", "Woluwe-Saint-Lambert": "11"}, "2021-08-05": {"Bruxelles": "62", "Etterbeek": "10", "Evere": "16", "Schaerbeek": "31", "Woluwe-Saint-Lambert": "15"}, "2021-08-06": {"Bruxelles": "68", "Etterbeek": "12", "Evere": "21", "Schaerbeek": "55", "Woluwe-Saint-Lambert": "21"}, "2021-08-07": {"Bruxelles": "45", "Etterbeek": "<5", "Evere": "5", "Schaerbeek": "33", "Woluwe-Saint-Lambert": "14"}, "2021-08-08": {"Bruxelles": "44", "Etterbeek": "<5", "Evere": "7", "Schaerbeek": "23", "Woluwe-Saint-Lambert": "9"}, "2021-08-09": {"Bruxelles": "86", "Etterbeek": "20", "Evere": "14", "Schaerbeek": "53", "Woluwe-Saint-Lambert": "19"}, "2021-08-10": {"Bruxelles": "74", "Etterbeek": "21", "Evere": "20", "Schaerbeek": "59", "Woluwe-Saint-Lambert": "13"}, "2021-08-11": {"Bruxelles": "69", "Etterbeek": "9", "Evere": "23", "Schaerbeek": "59", "Woluwe-Saint-Lambert": "11"}, "2021-08-12": {"Bruxelles": "73", "Etterbeek": "20", "Evere": "10", "Schaerbeek": "59", "Woluwe-Saint-Lambert": "18"}, "2021-08-13": {"Bruxelles": "103", "Etterbeek": "14", "Evere": "17", "Schaerbeek": "65", "Woluwe-Saint-Lambert": "18"}, "2021-08-14": {"Bruxelles": "53", "Etterbeek": "11", "Evere": "15", "Schaerbeek": "43", "Woluwe-Saint-Lambert": "7"}, "2021-08-15": {"Bruxelles": "59", "Etterbeek": "12", "Evere": "10", "Schaerbeek": "34", "Woluwe-Saint-Lambert": "5"}, "2021-08-16": {"Bruxelles": "106", "Etterbeek": "16", "Evere": "26", "Schaerbeek": "72", "Woluwe-Saint-Lambert": "18"}, "2021-08-17": {"Bruxelles": "84", "Etterbeek": "15", "Evere": "32", "Schaerbeek": "67", "Woluwe-Saint-Lambert": "12"}, "2021-08-18": {"Bruxelles": "91", "Etterbeek": "22", "Evere": "21", "Schaerbeek": "69", "Woluwe-Saint-Lambert": "20"}, "2021-08-19": {"Bruxelles": "65", "Etterbeek": "12", "Evere": "24", "Schaerbeek": "51", "Woluwe-Saint-Lambert": "19"}, "2021-08-20": {"Bruxelles": "85", "Etterbeek": "6", "Evere": "14", "Schaerbeek": "76", "Woluwe-Saint-Lambert": "14"}, "2021-08-21": {"Bruxelles": "58", "Etterbeek": "7", "Evere": "24", "Schaerbeek": "46", "Woluwe-Saint-Lambert": "6"}, "2021-08-22": {"Bruxelles": "52", "Etterbeek": "7", "Evere": "9", "Schaerbeek": "33", "Woluwe-Saint-Lambert": "<5"}, "2021-08-23": {"Bruxelles": "97", "Etterbeek": "12", "Evere": "32", "Schaerbeek": "78", "Woluwe-Saint-Lambert": "12"}, "2021-08-24": {"Bruxelles": "105", "Etterbeek": "13", "Evere": "30", "Schaerbeek": "65", "Woluwe-Saint-Lambert": "11"}, "2021-08-25": {"Bruxelles": "115", "Etterbeek": "14", "Evere": "13", "Schaerbeek": "99", "Woluwe-Saint-Lambert": "12"}, "2021-08-26": {"Bruxelles": "98", "Etterbeek": "10", "Evere": "30", "Schaerbeek": "87", "Woluwe-Saint-Lambert": "14"}, "2021-08-27": {"Bruxelles": "90", "Etterbeek": "12", "Evere": "23", "Schaerbeek": "78", "Woluwe-Saint-Lambert": "15"}, "2021-08-28": {"Bruxelles": "69", "Etterbeek": "8", "Evere": "14", "Schaerbeek": "51", "Woluwe-Saint-Lambert": "<5"}, "2021-08-29": {"Bruxelles": "56", "Etterbeek": "11", "Evere": "12", "Schaerbeek": "33", "Woluwe-Saint-Lambert": "9"}, "2021-08-30": {"Bruxelles": "104", "Etterbeek": "26", "Evere": "28", "Schaerbeek": "99", "Woluwe-Saint-Lambert": "24"}, "2021-08-31": {"Bruxelles": "108", "Etterbeek": "13", "Evere": "22", "Schaerbeek": "73", "Woluwe-Saint-Lambert": "29"}, "2021-09-01": {"Bruxelles": "101", "Etterbeek": "11", "Evere": "24", "Schaerbeek": "71", "Woluwe-Saint-Lambert": "23"}, "2021-09-02": {"Bruxelles": "69", "Etterbeek": "20", "Evere": "25", "Schaerbeek": "69", "Woluwe-Saint-Lambert": "24"}, "2021-09-03": {"Bruxelles": "86", "Etterbeek": "25", "Evere": "20", "Schaerbeek": "74", "Woluwe-Saint-Lambert": "23"}, "2021-09-04": {"Bruxelles": "61", "Etterbeek": "12", "Evere": "21", "Schaerbeek": "64", "Woluwe-Saint-Lambert": "16"}, "2021-09-05": {"Bruxelles": "40", "Etterbeek": "12", "Evere": "<5", "Schaerbeek": "45", "Woluwe-Saint-Lambert": "16"}, "2021-09-06": {"Bruxelles": "99", "Etterbeek": "32", "Evere": "16", "Schaerbeek": "83", "Woluwe-Saint-Lambert": "18"}, "2021-09-07": {"Bruxelles": "81", "Etterbeek": "19", "Evere": "27", "Schaerbeek": "70", "Woluwe-Saint-Lambert": "21"}, "2021-09-08": {"Bruxelles": "100", "Etterbeek": "21", "Evere": "22", "Schaerbeek": "70", "Woluwe-Saint-Lambert": "19"}, "2021-09-09": {"Bruxelles": "79", "Etterbeek": "17", "Evere": "18", "Schaerbeek": "57", "Woluwe-Saint-Lambert": "14"}, "2021-09-10": {"Bruxelles": "85", "Etterbeek": "29", "Evere": "22", "Schaerbeek": "70", "Woluwe-Saint-Lambert": "25"}, "2021-09-11": {"Bruxelles": "45", "Etterbeek": "20", "Evere": "9", "Schaerbeek": "28", "Woluwe-Saint-Lambert": "19"}, "2021-09-12": {"Bruxelles": "31", "Etterbeek": "8", "Evere": "9", "Schaerbeek": "33", "Woluwe-Saint-Lambert": "7"}, "2021-09-13": {"Bruxelles": "106", "Etterbeek": "16", "Evere": "24", "Schaerbeek": "93", "Woluwe-Saint-Lambert": "34"}, "2021-09-14": {"Bruxelles": "88", "Etterbeek": "23", "Evere": "21", "Schaerbeek": "62", "Woluwe-Saint-Lambert": "19"}, "2021-09-15": {"Bruxelles": "79", "Etterbeek": "13", "Evere": "16", "Schaerbeek": "55", "Woluwe-Saint-Lambert": "22"}, "2021-09-16": {"Bruxelles": "89", "Etterbeek": "32", "Evere": "22", "Schaerbeek": "52", "Woluwe-Saint-Lambert": "19"}, "2021-09-17": {"Bruxelles": "70", "Etterbeek": "11", "Evere": "14", "Schaerbeek": "43", "Woluwe-Saint-Lambert": "27"}, "2021-09-18": {"Bruxelles": "51", "Etterbeek": "5", "Evere": "6", "Schaerbeek": "32", "Woluwe-Saint-Lambert": "19"}, "2021-09-19": {"Bruxelles": "34", "Etterbeek": "7", "Evere": "7", "Schaerbeek": "20", "Woluwe-Saint-Lambert": "<5"}, "2021-09-20": {"Bruxelles": "96", "Etterbeek": "17", "Evere": "13", "Schaerbeek": "48", "Woluwe-Saint-Lambert": "17"}, "2021-09-21": {"Bruxelles": "48", "Etterbeek": "10", "Evere": "9", "Schaerbeek": "53", "Woluwe-Saint-Lambert": "24"}, "2021-09-22": {"Bruxelles": "70", "Etterbeek": "12", "Evere": "7", "Schaerbeek": "56", "Woluwe-Saint-Lambert": "17"}, "2021-09-23": {"Bruxelles": "72", "Etterbeek": "10", "Evere": "14", "Schaerbeek": "55", "Woluwe-Saint-Lambert": "29"}, "2021-09-24": {"Bruxelles": "68", "Etterbeek": "19", "Evere": "21", "Schaerbeek": "62", "Woluwe-Saint-Lambert": "23"}, "2021-09-25": {"Bruxelles": "42", "Etterbeek": "14", "Evere": "8", "Schaerbeek": "34", "Woluwe-Saint-Lambert": "17"}, "2021-09-26": {"Bruxelles": "36", "Etterbeek": "12", "Evere": "6", "Schaerbeek": "28", "Woluwe-Saint-Lambert": "15"}, "2021-09-27": {"Bruxelles": "86", "Etterbeek": "17", "Evere": "13", "Schaerbeek": "69", "Woluwe-Saint-Lambert": "23"}, "2021-09-28": {"Bruxelles": "70", "Etterbeek": "25", "Evere": "11", "Schaerbeek": "65", "Woluwe-Saint-Lambert": "21"}, "2021-09-29": {"Bruxelles": "55", "Etterbeek": "16", "Evere": "7", "Schaerbeek": "37", "Woluwe-Saint-Lambert": "14"}, "2021-09-30": {"Bruxelles": "69", "Etterbeek": "17", "Evere": "12", "Schaerbeek": "63", "Woluwe-Saint-Lambert": "13"}, "2021-10-01": {"Bruxelles": "57", "Etterbeek": "18", "Evere": "20", "Schaerbeek": "38", "Woluwe-Saint-Lambert": "16"}, "2021-10-02": {"Bruxelles": "28", "Etterbeek": "10", "Evere": "7", "Schaerbeek": "29", "Woluwe-Saint-Lambert": "<5"}, "2021-10-03": {"Bruxelles": "30", "Etterbeek": "8", "Evere": "<5", "Schaerbeek": "22", "Woluwe-Saint-Lambert": "13"}, "2021-10-04": {"Bruxelles": "77", "Etterbeek": "14", "Evere": "12", "Schaerbeek": "61", "Woluwe-Saint-Lambert": "27"}, "2021-10-05": {"Bruxelles": "66", "Etterbeek": "19", "Evere": "14", "Schaerbeek": "38", "Woluwe-Saint-Lambert": "24"}, "2021-10-06": {"Bruxelles": "70", "Etterbeek": "18", "Evere": "10", "Schaerbeek": "71", "Woluwe-Saint-Lambert": "17"}, "2021-10-07": {"Bruxelles": "59", "Etterbeek": "11", "Evere": "14", "Schaerbeek": "41", "Woluwe-Saint-Lambert": "20"}, "2021-10-08": {"Bruxelles": "56", "Etterbeek": "18", "Evere": "8", "Schaerbeek": "51", "Woluwe-Saint-Lambert": "22"}, "2021-10-09": {"Bruxelles": "38", "Etterbeek": "5", "Evere": "8", "Schaerbeek": "34", "Woluwe-Saint-Lambert": "35"}, "2021-10-10": {"Bruxelles": "38", "Etterbeek": "13", "Evere": "8", "Schaerbeek": "21", "Woluwe-Saint-Lambert": "14"}, "2021-10-11": {"Bruxelles": "69", "Etterbeek": "21", "Evere": "23", "Schaerbeek": "103", "Woluwe-Saint-Lambert": "40"}, "2021-10-12": {"Bruxelles": "83", "Etterbeek": "11", "Evere": "10", "Schaerbeek": "65", "Woluwe-Saint-Lambert": "36"}, "2021-10-13": {"Bruxelles": "84", "Etterbeek": "29", "Evere": "11", "Schaerbeek": "61", "Woluwe-Saint-Lambert": "32"}, "2021-10-14": {"Bruxelles": "86", "Etterbeek": "41", "Evere": "23", "Schaerbeek": "88", "Woluwe-Saint-Lambert": "50"}, "2021-10-15": {"Bruxelles": "91", "Etterbeek": "26", "Evere": "13", "Schaerbeek": "61", "Woluwe-Saint-Lambert": "29"}, "2021-10-16": {"Bruxelles": "51", "Etterbeek": "25", "Evere": "17", "Schaerbeek": "58", "Woluwe-Saint-Lambert": "23"}, "2021-10-17": {"Bruxelles": "40", "Etterbeek": "16", "Evere": "8", "Schaerbeek": "34", "Woluwe-Saint-Lambert": "11"}, "2021-10-18": {"Bruxelles": "106", "Etterbeek": "25", "Evere": "17", "Schaerbeek": "73", "Woluwe-Saint-Lambert": "37"}, "2021-10-19": {"Bruxelles": "100", "Etterbeek": "31", "Evere": "29", "Schaerbeek": "87", "Woluwe-Saint-Lambert": "38"}, "2021-10-20": {"Bruxelles": "114", "Etterbeek": "41", "Evere": "33", "Schaerbeek": "83", "Woluwe-Saint-Lambert": "50"}, "2021-10-21": {"Bruxelles": "111", "Etterbeek": "27", "Evere": "24", "Schaerbeek": "92", "Woluwe-Saint-Lambert": "31"}, "2021-10-22": {"Bruxelles": "93", "Etterbeek": "35", "Evere": "35", "Schaerbeek": "97", "Woluwe-Saint-Lambert": "42"}, "2021-10-23": {"Bruxelles": "73", "Etterbeek": "20", "Evere": "17", "Schaerbeek": "66", "Woluwe-Saint-Lambert": "28"}, "2021-10-24": {"Bruxelles": "64", "Etterbeek": "19", "Evere": "8", "Schaerbeek": "40", "Woluwe-Saint-Lambert": "11"}, "2021-10-25": {"Bruxelles": "99", "Etterbeek": "38", "Evere": "23", "Schaerbeek": "106", "Woluwe-Saint-Lambert": "43"}, "2021-10-26": {"Bruxelles": "100", "Etterbeek": "44", "Evere": "27", "Schaerbeek": "91", "Woluwe-Saint-Lambert": "30"}, "2021-10-27": {"Bruxelles": "118", "Etterbeek": "36", "Evere": "25", "Schaerbeek": "82", "Woluwe-Saint-Lambert": "36"}, "2021-10-28": {"Bruxelles": "100", "Etterbeek": "39", "Evere": "30", "Schaerbeek": "123", "Woluwe-Saint-Lambert": "52"}, "2021-10-29": {"Bruxelles": "118", "Etterbeek": "33", "Evere": "26", "Schaerbeek": "84", "Woluwe-Saint-Lambert": "44"}, "2021-10-30": {"Bruxelles": "60", "Etterbeek": "17", "Evere": "12", "Schaerbeek": "64", "Woluwe-Saint-Lambert": "23"}, "2021-10-31": {"Bruxelles": "52", "Etterbeek": "23", "Evere": "9", "Schaerbeek": "39", "Woluwe-Saint-Lambert": "25"}, "2021-11-01": {"Bruxelles": "55", "Etterbeek": "15", "Evere": "9", "Schaerbeek": "67", "Woluwe-Saint-Lambert": "25"}, "2021-11-02": {"Bruxelles": "104", "Etterbeek": "45", "Evere": "27", "Schaerbeek": "80", "Woluwe-Saint-Lambert": "36"}, "2021-11-03": {"Bruxelles": "107", "Etterbeek": "29", "Evere": "23", "Schaerbeek": "72", "Woluwe-Saint-Lambert": "41"}, "2021-11-04": {"Bruxelles": "82", "Etterbeek": "33", "Evere": "20", "Schaerbeek": "90", "Woluwe-Saint-Lambert": "25"}, "2021-11-05": {"Bruxelles": "106", "Etterbeek": "21", "Evere": "32", "Schaerbeek": "93", "Woluwe-Saint-Lambert": "43"}, "2021-11-06": {"Bruxelles": "87", "Etterbeek": "24", "Evere": "10", "Schaerbeek": "75", "Woluwe-Saint-Lambert": "28"}, "2021-11-07": {"Bruxelles": "65", "Etterbeek": "26", "Evere": "8", "Schaerbeek": "47", "Woluwe-Saint-Lambert": "26"}, "2021-11-08": {"Bruxelles": "175", "Etterbeek": "35", "Evere": "28", "Schaerbeek": "123", "Woluwe-Saint-Lambert": "48"}, "2021-11-09": {"Bruxelles": "148", "Etterbeek": "22", "Evere": "27", "Schaerbeek": "88", "Woluwe-Saint-Lambert": "51"}, "2021-11-10": {"Bruxelles": "131", "Etterbeek": "43", "Evere": "19", "Schaerbeek": "99", "Woluwe-Saint-Lambert": "44"}, "2021-11-11": {"Bruxelles": "66", "Etterbeek": "21", "Evere": "5", "Schaerbeek": "59", "Woluwe-Saint-Lambert": "23"}, "2021-11-12": {"Bruxelles": "127", "Etterbeek": "38", "Evere": "32", "Schaerbeek": "100", "Woluwe-Saint-Lambert": "49"}, "2021-11-13": {"Bruxelles": "83", "Etterbeek": "28", "Evere": "20", "Schaerbeek": "61", "Woluwe-Saint-Lambert": "37"}, "2021-11-14": {"Bruxelles": "58", "Etterbeek": "16", "Evere": "21", "Schaerbeek": "45", "Woluwe-Saint-Lambert": "26"}, "2021-11-15": {"Bruxelles": "193", "Etterbeek": "62", "Evere": "46", "Schaerbeek": "159", "Woluwe-Saint-Lambert": "72"}, "2021-11-16": {"Bruxelles": "161", "Etterbeek": "42", "Evere": "41", "Schaerbeek": "111", "Woluwe-Saint-Lambert": "71"}, "2021-11-17": {"Bruxelles": "156", "Etterbeek": "41", "Evere": "35", "Schaerbeek": "113", "Woluwe-Saint-Lambert": "74"}, "2021-11-18": {"Bruxelles": "145", "Etterbeek": "53", "Evere": "37", "Schaerbeek": "114", "Woluwe-Saint-Lambert": "54"}, "2021-11-19": {"Bruxelles": "152", "Etterbeek": "55", "Evere": "47", "Schaerbeek": "100", "Woluwe-Saint-Lambert": "67"}, "2021-11-20": {"Bruxelles": "99", "Etterbeek": "36", "Evere": "24", "Schaerbeek": "79", "Woluwe-Saint-Lambert": "41"}, "2021-11-21": {"Bruxelles": "76", "Etterbeek": "26", "Evere": "14", "Schaerbeek": "43", "Woluwe-Saint-Lambert": "33"}, "2021-11-22": {"Bruxelles": "227", "Etterbeek": "68", "Evere": "52", "Schaerbeek": "129", "Woluwe-Saint-Lambert": "80"}, "2021-11-23": {"Bruxelles": "181", "Etterbeek": "52", "Evere": "38", "Schaerbeek": "140", "Woluwe-Saint-Lambert": "53"}, "2021-11-24": {"Bruxelles": "179", "Etterbeek": "44", "Evere": "58", "Schaerbeek": "160", "Woluwe-Saint-Lambert": "72"}, "2021-11-25": {"Bruxelles": "154", "Etterbeek": "62", "Evere": "41", "Schaerbeek": "129", "Woluwe-Saint-Lambert": "64"}, "2021-11-26": {"Bruxelles": "164", "Etterbeek": "54", "Evere": "43", "Schaerbeek": "120", "Woluwe-Saint-Lambert": "58"}, "2021-11-27": {"Bruxelles": "121", "Etterbeek": "55", "Evere": "37", "Schaerbeek": "108", "Woluwe-Saint-Lambert": "57"}, "2021-11-28": {"Bruxelles": "96", "Etterbeek": "53", "Evere": "41", "Schaerbeek": "68", "Woluwe-Saint-Lambert": "37"}, "2021-11-29": {"Bruxelles": "232", "Etterbeek": "77", "Evere": "46", "Schaerbeek": "175", "Woluwe-Saint-Lambert": "102"}, "2021-11-30": {"Bruxelles": "216", "Etterbeek": "60", "Evere": "40", "Schaerbeek": "157", "Woluwe-Saint-Lambert": "88"}, "2021-12-01": {"Bruxelles": "230", "Etterbeek": "68", "Evere": "50", "Schaerbeek": "181", "Woluwe-Saint-Lambert": "94"}, "2021-12-02": {"Bruxelles": "206", "Etterbeek": "69", "Evere": "43", "Schaerbeek": "150", "Woluwe-Saint-Lambert": "98"}, "2021-12-03": {"Bruxelles": "205", "Etterbeek": "68", "Evere": "62", "Schaerbeek": "140", "Woluwe-Saint-Lambert": "89"}, "2021-12-04": {"Bruxelles": "128", "Etterbeek": "41", "Evere": "40", "Schaerbeek": "137", "Woluwe-Saint-Lambert": "65"}, "2021-12-05": {"Bruxelles": "120", "Etterbeek": "31", "Evere": "20", "Schaerbeek": "72", "Woluwe-Saint-Lambert": "37"}, "2021-12-06": {"Bruxelles": "210", "Etterbeek": "55", "Evere": "79", "Schaerbeek": "177", "Woluwe-Saint-Lambert": "81"}, "2021-12-07": {"Bruxelles": "209", "Etterbeek": "51", "Evere": "47", "Schaerbeek": "131", "Woluwe-Saint-Lambert": "94"}, "2021-12-08": {"Bruxelles": "215", "Etterbeek": "74", "Evere": "49", "Schaerbeek": "149", "Woluwe-Saint-Lambert": "86"}, "2021-12-09": {"Bruxelles": "134", "Etterbeek": "64", "Evere": "45", "Schaerbeek": "125", "Woluwe-Saint-Lambert": "83"}, "2021-12-10": {"Bruxelles": "145", "Etterbeek": "72", "Evere": "56", "Schaerbeek": "141", "Woluwe-Saint-Lambert": "62"}, "2021-12-11": {"Bruxelles": "81", "Etterbeek": "37", "Evere": "25", "Schaerbeek": "90", "Woluwe-Saint-Lambert": "52"}, "2021-12-12": {"Bruxelles": "74", "Etterbeek": "25", "Evere": "18", "Schaerbeek": "62", "Woluwe-Saint-Lambert": "41"}, "2021-12-13": {"Bruxelles": "180", "Etterbeek": "61", "Evere": "44", "Schaerbeek": "139", "Woluwe-Saint-Lambert": "42"}, "2021-12-14": {"Bruxelles": "174", "Etterbeek": "52", "Evere": "40", "Schaerbeek": "121", "Woluwe-Saint-Lambert": "93"}, "2021-12-15": {"Bruxelles": "176", "Etterbeek": "75", "Evere": "43", "Schaerbeek": "116", "Woluwe-Saint-Lambert": "41"}, "2021-12-16": {"Bruxelles": "160", "Etterbeek": "34", "Evere": "32", "Schaerbeek": "98", "Woluwe-Saint-Lambert": "46"}, "2021-12-17": {"Bruxelles": "142", "Etterbeek": "30", "Evere": "34", "Schaerbeek": "107", "Woluwe-Saint-Lambert": "36"}, "2021-12-18": {"Bruxelles": "115", "Etterbeek": "31", "Evere": "26", "Schaerbeek": "80", "Woluwe-Saint-Lambert": "23"}, "2021-12-19": {"Bruxelles": "72", "Etterbeek": "35", "Evere": "13", "Schaerbeek": "56", "Woluwe-Saint-Lambert": "22"}, "2021-12-20": {"Bruxelles": "158", "Etterbeek": "53", "Evere": "35", "Schaerbeek": "89", "Woluwe-Saint-Lambert": "34"}, "2021-12-21": {"Bruxelles": "191", "Etterbeek": "46", "Evere": "33", "Schaerbeek": "119", "Woluwe-Saint-Lambert": "59"}, "2021-12-22": {"Bruxelles": "155", "Etterbeek": "68", "Evere": "29", "Schaerbeek": "130", "Woluwe-Saint-Lambert": "61"}, "2021-12-23": {"Bruxelles": "177", "Etterbeek": "65", "Evere": "33", "Schaerbeek": "124", "Woluwe-Saint-Lambert": "54"}, "2021-12-24": {"Bruxelles": "154", "Etterbeek": "41", "Evere": "22", "Schaerbeek": "111", "Woluwe-Saint-Lambert": "49"}, "2021-12-25": {"Bruxelles": "109", "Etterbeek": "21", "Evere": "19", "Schaerbeek": "71", "Woluwe-Saint-Lambert": "33"}, "2021-12-26": {"Bruxelles": "154", "Etterbeek": "43", "Evere": "22", "Schaerbeek": "108", "Woluwe-Saint-Lambert": "42"}, "2021-12-27": {"Bruxelles": "309", "Etterbeek": "92", "Evere": "70", "Schaerbeek": "179", "Woluwe-Saint-Lambert": "68"}, "2021-12-28": {"Bruxelles": "312", "Etterbeek": "91", "Evere": "44", "Schaerbeek": "218", "Woluwe-Saint-Lambert": "77"}, "2021-12-29": {"Bruxelles": "413", "Etterbeek": "116", "Evere": "89", "Schaerbeek": "249", "Woluwe-Saint-Lambert": "119"}, "2021-12-30": {"Bruxelles": "426", "Etterbeek": "133", "Evere": "81", "Schaerbeek": "248", "Woluwe-Saint-Lambert": "123"}, "2021-12-31": {"Bruxelles": "321", "Etterbeek": "81", "Evere": "66", "Schaerbeek": "217", "Woluwe-Saint-Lambert": "88"}, "2022-01-01": {"Bruxelles": "121", "Etterbeek": "28", "Evere": "31", "Schaerbeek": "78", "Woluwe-Saint-Lambert": "40"}, "2022-01-02": {"Bruxelles": "359", "Etterbeek": "82", "Evere": "44", "Schaerbeek": "188", "Woluwe-Saint-Lambert": "99"}, "2022-01-03": {"Bruxelles": "590", "Etterbeek": "199", "Evere": "104", "Schaerbeek": "400", "Woluwe-Saint-Lambert": "208"}, "2022-01-04": {"Bruxelles": "749", "Etterbeek": "217", "Evere": "160", "Schaerbeek": "462", "Woluwe-Saint-Lambert": "218"}, "2022-01-05": {"Bruxelles": "637", "Etterbeek": "199", "Evere": "128", "Schaerbeek": "459", "Woluwe-Saint-Lambert": "170"}, "2022-01-06": {"Bruxelles": "634", "Etterbeek": "156", "Evere": "120", "Schaerbeek": "422", "Woluwe-Saint-Lambert": "156"}, "2022-01-07": {"Bruxelles": "608", "Etterbeek": "148", "Evere": "133", "Schaerbeek": "424", "Woluwe-Saint-Lambert": "151"}, "2022-01-08": {"Bruxelles": "497", "Etterbeek": "126", "Evere": "104", "Schaerbeek": "299", "Woluwe-Saint-Lambert": "124"}, "2022-01-09": {"Bruxelles": "394", "Etterbeek": "125", "Evere": "60", "Schaerbeek": "254", "Woluwe-Saint-Lambert": "122"}, "2022-01-10": {"Bruxelles": "805", "Etterbeek": "185", "Evere": "129", "Schaerbeek": "553", "Woluwe-Saint-Lambert": "192"}, "2022-01-11": {"Bruxelles": "786", "Etterbeek": "186", "Evere": "169", "Schaerbeek": "512", "Woluwe-Saint-Lambert": "208"}, "2022-01-12": {"Bruxelles": "723", "Etterbeek": "161", "Evere": "172", "Schaerbeek": "510", "Woluwe-Saint-Lambert": "194"}, "2022-01-13": {"Bruxelles": "680", "Etterbeek": "174", "Evere": "144", "Schaerbeek": "500", "Woluwe-Saint-Lambert": "189"}, "2022-01-14": {"Bruxelles": "643", "Etterbeek": "185", "Evere": "137", "Schaerbeek": "486", "Woluwe-Saint-Lambert": "183"}, "2022-01-15": {"Bruxelles": "435", "Etterbeek": "138", "Evere": "109", "Schaerbeek": "377", "Woluwe-Saint-Lambert": "174"}, "2022-01-16": {"Bruxelles": "346", "Etterbeek": "120", "Evere": "80", "Schaerbeek": "264", "Woluwe-Saint-Lambert": "109"}, "2022-01-17": {"Bruxelles": "855", "Etterbeek": "251", "Evere": "200", "Schaerbeek": "699", "Woluwe-Saint-Lambert": "281"}, "2022-01-18": {"Bruxelles": "964", "Etterbeek": "266", "Evere": "234", "Schaerbeek": "816", "Woluwe-Saint-Lambert": "271"}, "2022-01-19": {"Bruxelles": "979", "Etterbeek": "232", "Evere": "281", "Schaerbeek": "829", "Woluwe-Saint-Lambert": "294"}, "2022-01-20": {"Bruxelles": "911", "Etterbeek": "255", "Evere": "217", "Schaerbeek": "701", "Woluwe-Saint-Lambert": "285"}, "2022-01-21": {"Bruxelles": "855", "Etterbeek": "209", "Evere": "197", "Schaerbeek": "686", "Woluwe-Saint-Lambert": "269"}, "2022-01-22": {"Bruxelles": "575", "Etterbeek": "167", "Evere": "144", "Schaerbeek": "484", "Woluwe-Saint-Lambert": "211"}, "2022-01-23": {"Bruxelles": "406", "Etterbeek": "135", "Evere": "111", "Schaerbeek": "270", "Woluwe-Saint-Lambert": "151"}, "2022-01-24": {"Bruxelles": "973", "Etterbeek": "293", "Evere": "241", "Schaerbeek": "813", "Woluwe-Saint-Lambert": "318"}, "2022-01-25": {"Bruxelles": "744", "Etterbeek": "249", "Evere": "236", "Schaerbeek": "644", "Woluwe-Saint-Lambert": "289"}, "2022-01-26": {"Bruxelles": "779", "Etterbeek": "239", "Evere": "197", "Schaerbeek": "581", "Woluwe-Saint-Lambert": "283"}, "2022-01-27": {"Bruxelles": "619", "Etterbeek": "205", "Evere": "190", "Schaerbeek": "485", "Woluwe-Saint-Lambert": "229"}, "2022-01-28": {"Bruxelles": "498", "Etterbeek": "176", "Evere": "147", "Schaerbeek": "402", "Woluwe-Saint-Lambert": "186"}, "2022-01-29": {"Bruxelles": "325", "Etterbeek": "135", "Evere": "98", "Schaerbeek": "267", "Woluwe-Saint-Lambert": "140"}, "2022-01-30": {"Bruxelles": "225", "Etterbeek": "92", "Evere": "62", "Schaerbeek": "153", "Woluwe-Saint-Lambert": "95"}, "2022-01-31": {"Bruxelles": "615", "Etterbeek": "220", "Evere": "146", "Schaerbeek": "415", "Woluwe-Saint-Lambert": "247"}, "2022-02-01": {"Bruxelles": "419", "Etterbeek": "161", "Evere": "106", "Schaerbeek": "325", "Woluwe-Saint-Lambert": "170"}, "2022-02-02": {"Bruxelles": "367", "Etterbeek": "152", "Evere": "102", "Schaerbeek": "314", "Woluwe-Saint-Lambert": "149"}, "2022-02-03": {"Bruxelles": "307", "Etterbeek": "121", "Evere": "89", "Schaerbeek": "242", "Woluwe-Saint-Lambert": "111"}, "2022-02-04": {"Bruxelles": "248", "Etterbeek": "101", "Evere": "80", "Schaerbeek": "219", "Woluwe-Saint-Lambert": "120"}, "2022-02-05": {"Bruxelles": "152", "Etterbeek": "79", "Evere": "48", "Schaerbeek": "125", "Woluwe-Saint-Lambert": "78"}, "2022-02-06": {"Bruxelles": "120", "Etterbeek": "44", "Evere": "32", "Schaerbeek": "87", "Woluwe-Saint-Lambert": "53"}, "2022-02-07": {"Bruxelles": "300", "Etterbeek": "133", "Evere": "59", "Schaerbeek": "232", "Woluwe-Saint-Lambert": "120"}, "2022-02-08": {"Bruxelles": "237", "Etterbeek": "76", "Evere": "51", "Schaerbeek": "173", "Woluwe-Saint-Lambert": "99"}, "2022-02-09": {"Bruxelles": "184", "Etterbeek": "75", "Evere": "51", "Schaerbeek": "139", "Woluwe-Saint-Lambert": "78"}, "2022-02-10": {"Bruxelles": "157", "Etterbeek": "42", "Evere": "36", "Schaerbeek": "120", "Woluwe-Saint-Lambert": "78"}, "2022-02-11": {"Bruxelles": "150", "Etterbeek": "78", "Evere": "40", "Schaerbeek": "98", "Woluwe-Saint-Lambert": "63"}, "2022-02-12": {"Bruxelles": "78", "Etterbeek": "42", "Evere": "19", "Schaerbeek": "64", "Woluwe-Saint-Lambert": "46"}, "2022-02-13": {"Bruxelles": "63", "Etterbeek": "31", "Evere": "9", "Schaerbeek": "42", "Woluwe-Saint-Lambert": "26"}, "2022-02-14": {"Bruxelles": "140", "Etterbeek": "59", "Evere": "36", "Schaerbeek": "112", "Woluwe-Saint-Lambert": "61"}, "2022-02-15": {"Bruxelles": "104", "Etterbeek": "56", "Evere": "27", "Schaerbeek": "97", "Woluwe-Saint-Lambert": "45"}, "2022-02-16": {"Bruxelles": "124", "Etterbeek": "34", "Evere": "27", "Schaerbeek": "85", "Woluwe-Saint-Lambert": "50"}, "2022-02-17": {"Bruxelles": "97", "Etterbeek": "37", "Evere": "26", "Schaerbeek": "65", "Woluwe-Saint-Lambert": "28"}, "2022-02-18": {"Bruxelles": "88", "Etterbeek": "26", "Evere": "18", "Schaerbeek": "58", "Woluwe-Saint-Lambert": "32"}, "2022-02-19": {"Bruxelles": "47", "Etterbeek": "20", "Evere": "13", "Schaerbeek": "29", "Woluwe-Saint-Lambert": "36"}, "2022-02-20": {"Bruxelles": "27", "Etterbeek": "12", "Evere": "6", "Schaerbeek": "25", "Woluwe-Saint-Lambert": "10"}, "2022-02-21": {"Bruxelles": "90", "Etterbeek": "38", "Evere": "17", "Schaerbeek": "67", "Woluwe-Saint-Lambert": "30"}, "2022-02-22": {"Bruxelles": "84", "Etterbeek": "32", "Evere": "14", "Schaerbeek": "54", "Woluwe-Saint-Lambert": "31"}, "2022-02-23": {"Bruxelles": "76", "Etterbeek": "31", "Evere": "18", "Schaerbeek": "73", "Woluwe-Saint-Lambert": "30"}, "2022-02-24": {"Bruxelles": "65", "Etterbeek": "23", "Evere": "7", "Schaerbeek": "43", "Woluwe-Saint-Lambert": "27"}, "2022-02-25": {"Bruxelles": "54", "Etterbeek": "13", "Evere": "10", "Schaerbeek": "43", "Woluwe-Saint-Lambert": "22"}, "2022-02-26": {"Bruxelles": "30", "Etterbeek": "15", "Evere": "8", "Schaerbeek": "21", "Woluwe-Saint-Lambert": "11"}, "2022-02-27": {"Bruxelles": "27", "Etterbeek": "8", "Evere": "6", "Schaerbeek": "20", "Woluwe-Saint-Lambert": "15"}, "2022-02-28": {"Bruxelles": "72", "Etterbeek": "21", "Evere": "14", "Schaerbeek": "56", "Woluwe-Saint-Lambert": "33"}, "2022-03-01": {"Bruxelles": "63", "Etterbeek": "15", "Evere": "13", "Schaerbeek": "41", "Woluwe-Saint-Lambert": "25"}, "2022-03-02": {"Bruxelles": "78", "Etterbeek": "45", "Evere": "12", "Schaerbeek": "57", "Woluwe-Saint-Lambert": "27"}, "2022-03-03": {"Bruxelles": "63", "Etterbeek": "31", "Evere": "16", "Schaerbeek": "45", "Woluwe-Saint-Lambert": "22"}, "2022-03-04": {"Bruxelles": "63", "Etterbeek": "27", "Evere": "14", "Schaerbeek": "34", "Woluwe-Saint-Lambert": "27"}, "2022-03-05": {"Bruxelles": "32", "Etterbeek": "22", "Evere": "10", "Schaerbeek": "27", "Woluwe-Saint-Lambert": "11"}, "2022-03-06": {"Bruxelles": "26", "Etterbeek": "9", "Evere": "7", "Schaerbeek": "18", "Woluwe-Saint-Lambert": "6"}, "2022-03-07": {"Bruxelles": "74", "Etterbeek": "37", "Evere": "15", "Schaerbeek": "45", "Woluwe-Saint-Lambert": "40"}, "2022-03-08": {"Bruxelles": "100", "Etterbeek": "20", "Evere": "14", "Schaerbeek": "43", "Woluwe-Saint-Lambert": "25"}, "2022-03-09": {"Bruxelles": "83", "Etterbeek": "35", "Evere": "11", "Schaerbeek": "55", "Woluwe-Saint-Lambert": "31"}, "2022-03-10": {"Bruxelles": "69", "Etterbeek": "35", "Evere": "17", "Schaerbeek": "55", "Woluwe-Saint-Lambert": "16"}, "2022-03-11": {"Bruxelles": "63", "Etterbeek": "26", "Evere": "11", "Schaerbeek": "39", "Woluwe-Saint-Lambert": "25"}, "2022-03-12": {"Bruxelles": "40", "Etterbeek": "26", "Evere": "10", "Schaerbeek": "33", "Woluwe-Saint-Lambert": "18"}, "2022-03-13": {"Bruxelles": "30", "Etterbeek": "15", "Evere": "13", "Schaerbeek": "26", "Woluwe-Saint-Lambert": "11"}, "2022-03-14": {"Bruxelles": "108", "Etterbeek": "56", "Evere": "25", "Schaerbeek": "75", "Woluwe-Saint-Lambert": "45"}, "2022-03-15": {"Bruxelles": "102", "Etterbeek": "42", "Evere": "31", "Schaerbeek": "67", "Woluwe-Saint-Lambert": "56"}, "2022-03-16": {"Bruxelles": "119", "Etterbeek": "41", "Evere": "19", "Schaerbeek": "77", "Woluwe-Saint-Lambert": "48"}, "2022-03-17": {"Bruxelles": "80", "Etterbeek": "32", "Evere": "21", "Schaerbeek": "61", "Woluwe-Saint-Lambert": "36"}, "2022-03-18": {"Bruxelles": "84", "Etterbeek": "29", "Evere": "19", "Schaerbeek": "53", "Woluwe-Saint-Lambert": "35"}, "2022-03-19": {"Bruxelles": "32", "Etterbeek": "19", "Evere": "5", "Schaerbeek": "34", "Woluwe-Saint-Lambert": "14"}, "2022-03-20": {"Bruxelles": "34", "Etterbeek": "14", "Evere": "5", "Schaerbeek": "16", "Woluwe-Saint-Lambert": "13"}, "2022-03-21": {"Bruxelles": "112", "Etterbeek": "59", "Evere": "23", "Schaerbeek": "87", "Woluwe-Saint-Lambert": "73"}, "2022-03-22": {"Bruxelles": "108", "Etterbeek": "59", "Evere": "25", "Schaerbeek": "95", "Woluwe-Saint-Lambert": "68"}, "2022-03-23": {"Bruxelles": "93", "Etterbeek": "50", "Evere": "27", "Schaerbeek": "82", "Woluwe-Saint-Lambert": "57"}, "2022-03-24": {"Bruxelles": "103", "Etterbeek": "43", "Evere": "25", "Schaerbeek": "89", "Woluwe-Saint-Lambert": "57"}, "2022-03-25": {"Bruxelles": "89", "Etterbeek": "38", "Evere": "25", "Schaerbeek": "76", "Woluwe-Saint-Lambert": "47"}, "2022-03-26": {"Bruxelles": "80", "Etterbeek": "28", "Evere": "8", "Schaerbeek": "37", "Woluwe-Saint-Lambert": "21"}, "2022-03-27": {"Bruxelles": "44", "Etterbeek": "14", "Evere": "<5", "Schaerbeek": "23", "Woluwe-Saint-Lambert": "13"}, "2022-03-28": {"Bruxelles": "117", "Etterbeek": "76", "Evere": "34", "Schaerbeek": "78", "Woluwe-Saint-Lambert": "75"}, "2022-03-29": {"Bruxelles": "112", "Etterbeek": "52", "Evere": "33", "Schaerbeek": "77", "Woluwe-Saint-Lambert": "61"}, "2022-03-30": {"Bruxelles": "118", "Etterbeek": "53", "Evere": "30", "Schaerbeek": "83", "Woluwe-Saint-Lambert": "60"}, "2022-03-31": {"Bruxelles": "80", "Etterbeek": "50", "Evere": "17", "Schaerbeek": "67", "Woluwe-Saint-Lambert": "58"}, "2022-04-01": {"Bruxelles": "82", "Etterbeek": "29", "Evere": "24", "Schaerbeek": "57", "Woluwe-Saint-Lambert": "26"}, "2022-04-02": {"Bruxelles": "56", "Etterbeek": "21", "Evere": "13", "Schaerbeek": "26", "Woluwe-Saint-Lambert": "29"}, "2022-04-03": {"Bruxelles": "37", "Etterbeek": "21", "Evere": "<5", "Schaerbeek": "30", "Woluwe-Saint-Lambert": "20"}, "2022-04-04": {"Bruxelles": "110", "Etterbeek": "56", "Evere": "25", "Schaerbeek": "67", "Woluwe-Saint-Lambert": "67"}, "2022-04-05": {"Bruxelles": "83", "Etterbeek": "50", "Evere": "33", "Schaerbeek": "64", "Woluwe-Saint-Lambert": "62"}, "2022-04-06": {"Bruxelles": "91", "Etterbeek": "43", "Evere": "31", "Schaerbeek": "67", "Woluwe-Saint-Lambert": "40"}, "2022-04-07": {"Bruxelles": "70", "Etterbeek": "35", "Evere": "26", "Schaerbeek": "77", "Woluwe-Saint-Lambert": "43"}, "2022-04-08": {"Bruxelles": "73", "Etterbeek": "31", "Evere": "23", "Schaerbeek": "44", "Woluwe-Saint-Lambert": "49"}, "2022-04-09": {"Bruxelles": "44", "Etterbeek": "21", "Evere": "7", "Schaerbeek": "20", "Woluwe-Saint-Lambert": "23"}, "2022-04-10": {"Bruxelles": "24", "Etterbeek": "7", "Evere": "<5", "Schaerbeek": "23", "Woluwe-Saint-Lambert": "10"}, "2022-04-11": {"Bruxelles": "79", "Etterbeek": "35", "Evere": "21", "Schaerbeek": "69", "Woluwe-Saint-Lambert": "56"}, "2022-04-12": {"Bruxelles": "75", "Etterbeek": "38", "Evere": "36", "Schaerbeek": "47", "Woluwe-Saint-Lambert": "39"}, "2022-04-13": {"Bruxelles": "99", "Etterbeek": "24", "Evere": "30", "Schaerbeek": "36", "Woluwe-Saint-Lambert": "36"}, "2022-04-14": {"Bruxelles": "71", "Etterbeek": "29", "Evere": "13", "Schaerbeek": "51", "Woluwe-Saint-Lambert": "41"}, "2022-04-15": {"Bruxelles": "55", "Etterbeek": "20", "Evere": "15", "Schaerbeek": "39", "Woluwe-Saint-Lambert": "35"}, "2022-04-16": {"Bruxelles": "36", "Etterbeek": "21", "Evere": "8", "Schaerbeek": "30", "Woluwe-Saint-Lambert": "12"}, "2022-04-17": {"Bruxelles": "24", "Etterbeek": "5", "Evere": "<5", "Schaerbeek": "16", "Woluwe-Saint-Lambert": "9"}, "2022-04-18": {"Bruxelles": "29", "Etterbeek": "13", "Evere": "5", "Schaerbeek": "14", "Woluwe-Saint-Lambert": "15"}, "2022-04-19": {"Bruxelles": "102", "Etterbeek": "40", "Evere": "29", "Schaerbeek": "74", "Woluwe-Saint-Lambert": "42"}, "2022-04-20": {"Bruxelles": "36", "Etterbeek": "10", "Evere": "8", "Schaerbeek": "24", "Woluwe-Saint-Lambert": "17"}, "2020-03-07": {"Etterbeek": "<5", "Woluwe-Saint-Lambert": "<5"}, "2020-07-03": {"Etterbeek": "<5", "Schaerbeek": "<5"}, "2020-05-19": {"Evere": "<5", "Schaerbeek": "<5", "Woluwe-Saint-Lambert": "<5"}, "2020-06-20": {"Evere": "<5"}, "2020-06-25": {"Evere": "<5"}, "2020-05-21": {"Schaerbeek": "<5"}, "2020-05-24": {"Schaerbeek": "<5"}, "2020-05-31": {"Schaerbeek": "<5"}, "2020-06-13": {"Schaerbeek": "<5", "Woluwe-Saint-Lambert": "<5"}, "2020-03-02": {"Woluwe-Saint-Lambert": "<5"}}